code,name,englishName,type,theoryCredits,practiceCredits,facultyId,status,prerequisites
ACCT3000,Hệ thống thông tin kế toán,Accounting Information systems,69145d71b4402293806a2b1d,3,0,KHOA_HTTT,open,
ACCT3603,Hệ thống thông tin kế toán,Accounting Information systems,CN,3,0,KHOA_HTTT,open,
ACCT5123,Hoạch định nguồn lực doanh nghiệp,Enterprise Resource Planning,CSN,3,0,KHOA_HTTT,open,
ADENG1,Tiếng Anh tăng cường 1,Intensive English 1,ĐC,0,0,KHOA_HTTT,open,
ADENG2,Tiếng Anh tăng cường 2,Intensive English 2,ĐC,0,0,KHOA_HTTT,open,
ADENG3,Tiếng Anh tăng cường 3,Intensive English 3,ĐC,0,0,KHOA_HTTT,open,ADENG2
ADENG4,Tiếng Anh tăng cường 4,Intensive English 4,ĐC,0,0,KHOA_HTTT,open,ADENG3
AI001,Giới thiệu ngành Trí tuệ nhân tạo,Introduction to AI programs,ĐC,1,0,KHOA_KHMT,open,
AI002,Tư duy Trí tuệ nhân tạo,Artificial Intelligence Thinking,CSN,3,1,KHOA_KHMT,open,
AI301,Khởi nghiệp và sáng tạo,,CN,2,0,KHOA_KHMT,open,
AI302,Kỹ thuật viết báo cáo và trình bày,,CN,2,0,KHOA_KHMT,open,
AI503,Đồ án tốt nghiệp,Capstone Project,TN,6,0,KHOA_KHMT,open,
AI504,Đồ án tốt nghiệp tại doanh nghiệp,Industry Capstone Project,TN,10,0,KHOA_KHMT,open,
AI505,Khoá luận tốt nghiệp,Thesis,KLTN,10,0,KHOA_KHMT,open,
BCH058,Kỹ năng truyền thông giao tiếp,Communication techniques,CN,1,1,KHOA_PĐTĐH,open,
BOQC1,Nhập môn máy tính lượng tử,Basic of Quantum Computer,BT,0,0,KHOA_BMTL,open,
BUS1125,Khởi nghiệp kinh doanh,Entrepreneurship,CN,2,1,KHOA_PĐTĐH,open,
CARC1,Kiến trúc máy tính,Computer Architecture,ĐC,3,0,KHOA_KTMT,closed,
CE005,Giới thiệu ngành Kỹ Thuật Máy tính,Introduction to Computer Engineering,ĐC,1,0,KHOA_KTMT,open,
CE006,Giới thiệu ngành Thiết kế vi mạch,Introduction to IC Design program,ĐC,1,0,KHOA_KTMT,open,
CE101,Lý thuyết mạch điện,Theory of electrical circuits,CSN,4,0,KHOA_KTMT,closed,
CE102,Hệ thống số,Digital systems,CN,3,1,KHOA_KTMT,closed,
CE103,Vi xử lý-vi điều khiển,Microprocessors and microcontrollers,CSN,3,1,KHOA_KTMT,open,
CE104,Các thiết bị và mạch điện tử,Electronic devices and circuits,CSN,3,0,KHOA_KTMT,closed,
CE105,Xử lý tín hiệu số,Digital signal processing,CSN,3,1,KHOA_KTMT,open,
CE106,Thiết kế vi mạch với HDL,Digital Circuit Design with HDL,CN,3,1,KHOA_KTMT,closed,
CE107,Hệ thống nhúng,Embedded systems,CSN,3,1,KHOA_KTMT,closed,
CE108,Hệ điều hành nâng cao,Advanced operating systems,CN,3,0,KHOA_KTMT,closed,
CE109,Lập trình nhúng căn bản,Introduction to embedded-system programming,CN,2,1,KHOA_KTMT,closed,
CE110,Lập trình hệ thống với Java,System Programming with Java,CN,3,1,KHOA_KTMT,closed,
CE111,Kiến trúc máy tính nâng cao,Advanced computer architecture,CĐTN,2,1,KHOA_KTMT,closed,
CE112,Đồ án môn học thiết kế mạch,Circuit design project,ĐA,0,2,KHOA_KTMT,closed,
CE113,Điều khiển tự động,Automatic Control,CN,3,0,KHOA_KTMT,closed,
CE114,Lập trình trên thiết bị di động,Mobile device application development,CN,2,1,KHOA_KTMT,closed,
CE115,Thiết kế mạng,Network design,CN,3,1,KHOA_KTMT,closed,
CE116,Đồ án môn học ngành KTMT,Information engineering project,ĐA,0,2,KHOA_KTMT,closed,
CE117,Thực hành điện- điện tử,Basic electrical and electronic laboratory,CSN,0,1,KHOA_KTMT,closed,
CE118,Thiết kế luận lý số,Digital logic design,CSN,3,1,KHOA_KTMT,open,
CE119,Thực hành Kiến trúc máy tính,Computer architecture laboratory,CSN,0,1,KHOA_KTMT,open,
CE121,Lý thuyết mạch điện,Theory of electrical circuits,CSN,3,1,KHOA_KTMT,open,
CE122,Phân tích mạch kỹ thuật,Engineering Circuit Analysis,CN,3,1,KHOA_KTMT,open,
CE124,Các thiết bị và mạch điện tử,Electronic devices and circuits,CSN,3,1,KHOA_KTMT,open,
CE125,Kỹ thuật phân tích mạch,Introduction to Circuit Analysis,CN,3,1,KHOA_KTMT,open,
CE126,Vật lý bán dẫn và ứng dụng,Semiconductor Physics and Applications,CN,3,1,KHOA_KTMT,open,
CE201,Đồ án 1,Project 1,ĐA,0,2,KHOA_KTMT,open,
CE202,An toàn mạng máy tính,Network security,CN,3,0,KHOA_KTMT,closed,
CE203,Điều khiển tự động nâng cao,Advanced automatic control,CĐTN,3,0,KHOA_KTMT,closed,
CE204,Thiết kế và lập trình Web,Web design and programming,CN,3,0,KHOA_KTMT,closed,
CE205,Xử lý tín hiệu số,Digital signal processing,CN,3,1,KHOA_KTMT,closed,
CE206,Đồ án 2,Project 2,ĐA,0,2,KHOA_KTMT,open,
CE207,Đồ án Thiết kế vi mạch 1,Project of Integrated Circuit Design 1,CN,0,2,KHOA_KTMT,open,
CE208,Đồ án Thiết kế vi mạch 2,Project of Integrated Circuit Design 2,CN,0,2,KHOA_KTMT,open,
CE211,Lập trình nhúng căn bản,Introduction to embedded-system programming,CN,3,1,KHOA_KTMT,closed,
CE212,Điều khiển tự động,Automatic control,CN,3,1,KHOA_KTMT,open,
CE213,Thiết kế hệ thống số với HDL,Digital System Design with HDL,CSN,3,1,KHOA_KTMT,open,
CE219,Tương tác người - máy,Human-computer interaction,CN,3,0,KHOA_KTMT,closed,
CE221,Thiết kế vi mạch với HDL,Digital circuit design with HDL,CN,3,1,KHOA_KTMT,closed,
CE222,Thiết kế vi mạch số,Digital IC design,CN,3,1,KHOA_KTMT,open,
CE224,Thiết kế hệ thống nhúng,Embedded System Design,CN,3,1,KHOA_KTMT,open,
CE226,Thiết kế VLSI,VLSI Design,CN,3,1,KHOA_KTMT,open,
CE232,Thiết kế hệ thống nhúng không dây,Wireless Embedded Systems Design,CN,3,1,KHOA_KTMT,open,
CE233,Kỹ thuật Robot,Robot principle and Design,CN,3,1,KHOA_KTMT,open,
CE301,Hệ thống chứng thực số,Digital identification systems,CN,3,0,KHOA_KTMT,closed,
CE302,Thiết kế vi mạch,Circuits design,CN,2,1,KHOA_KTMT,closed,
CE303,Robot công nghiệp,Industrial robotics,CN,3,0,KHOA_KTMT,closed,
CE3031,Công nghệ cảm biến,Sensor Technologies,CN,3,1,KHOA_KTMT,open,
CE304,Robot công nghiệp,Industrial Robotics,CNTC,3,1,KHOA_KTMT,open,
CE306,Thị giác máy tính,Computer vision,CN,3,0,KHOA_KTMT,closed,
CE312,Hệ thống thời gian thực,Real-time systems,CN,3,0,KHOA_KTMT,closed,
CE313,Xử lý song song và hệ thống phân tán,Parallel processing and distributed systems,CN,3,0,KHOA_KTMT,open,
CE314,Trình biên dịch,Principles of compiler design,CN,3,0,KHOA_KTMT,closed,
CE315,Lập trình hệ thống với Java,System programming with Java,CN,2,1,KHOA_KTMT,open,
CE316,Logic mờ và ứng dụng,Fuzzy logic and applications,CN,3,0,KHOA_KTMT,closed,
CE317,Điều khiển tự động nâng cao,Advanced automatic control,CN,3,0,KHOA_KTMT,open,
CE318,Trình biên dịch,Compiler,CNTC,3,1,KHOA_KTMT,open,
CE319,Logic mờ và ứng dụng,Fuzzy Logic and Its Applications,CNTC,3,1,KHOA_KTMT,open,
CE320,Logic mờ cho ứng dụng hệ thống nhúng,Fuzzy Logic and Applications,CN,3,1,KHOA_KTMT,open,
CE321,Kỹ thuật chế tạo vi mạch,Integrated circuit fabrication,CN,3,0,KHOA_KTMT,closed,
CE322,Thiết kế vi mạch hỗn hợp,Mixed-signal integrated circuit design,CN,2,1,KHOA_KTMT,closed,
CE323,Kĩ thuật thiết kế mạch in,Printed circuit board design,CN,2,1,KHOA_KTMT,open,
CE324,Thiết kế vi mạch tương tự,Analog integrated circuit design,CN,2,1,KHOA_KTMT,closed,
CE325,Thiết kế dựa trên vi xử lý,Microprocessor-based system design,CN,2,1,KHOA_KTMT,closed,
CE326,Tự động hóa thiết kế vi mạch,Circuit-design automation,CN,2,1,KHOA_KTMT,closed,
CE327,Tối ưu hóa dựa trên FPGA,FPGA-based optimization,CN,3,0,KHOA_KTMT,closed,
CE331,Kỹ thuật chế tạo vi mạch,Integrated Circuit Fabrication,CNTC,3,1,KHOA_KTMT,open,
CE332,Thiết kế vi mạch hỗn hợp,Mixed Signal Integrated Circuit Design,CNTC,3,1,KHOA_KTMT,open,
CE333,Tiếng Anh chuyên ngành Kỹ thuật Máy tính,Technical English for Computer Engineering,CN,4,0,KHOA_KTMT,open,
CE334,Thiết kế vi mạch tương tự,Analog Integrated Circuit Design,CNTC,3,1,KHOA_KTMT,open,
CE335,Thiết kế dựa trên vi xử lý,Microprocessor-based Design,CNTC,3,1,KHOA_KTMT,open,
CE336,Tự động hóa thiết kế vi mạch,Electronic Design Automation,CNTC,3,1,KHOA_KTMT,open,
CE337,Tối ưu hóa dựa trên FPGA,FPGA-optimized Design,CNTC,3,1,KHOA_KTMT,open,
CE338,Hệ thống thời gian thực,Real-time Systems,CNTC,3,1,KHOA_KTMT,open,
CE339,Công nghệ IoT và Ứng dụng,IoT Technology and Its Applications,CN,3,1,KHOA_KTMT,open,
CE340,Trí tuệ nhân tạo cho hệ thống nhúng,Artificial Intelligence for Embedded System,CN,3,1,KHOA_KTMT,open,
CE341,Lập trình nhúng trên các thiết bị di động,Embedded Programming on Mobility Devices,CN,3,1,KHOA_KTMT,open,
CE342,Hệ thống thông minh,Smart System,CN,3,1,KHOA_KTMT,open,
CE343,Trí tuệ nhân tạo cho xe tự hành,Artificial Intelligence for Autonomous Vehicles,CN,3,1,KHOA_KTMT,open,
CE344,Trí tuệ nhân tạo cho IoT,Artificial Intelligence for IoT,CN,3,1,KHOA_KTMT,open,
CE345,Kiến trúc IoT: Giao thức mạng và bảo mật,IoT architecture: Network protocol and security,CN,3,1,KHOA_KTMT,open,
CE346,Thiết kế Antenna tích hợp cho thiết bị IoT,Antenna Design for IoT,CN,3,1,KHOA_KTMT,open,
CE347,Điều khiển thông minh cho robot,Robot intelligent control,CN,3,1,KHOA_KTMT,open,
CE348,Công nghệ cảm biến trong IoT,Sensor Technologies for IoT,CN,3,1,KHOA_KTMT,open,
CE349,Hệ thống nhúng trên SoC,Embedded system on SoC,CN,3,1,KHOA_KTMT,open,
CE350,Xử lý ảnh hướng ASIC,Image processing with ASIC,CN,3,1,KHOA_KTMT,open,
CE351,Thiết kế bộ tăng tốc phần cứng,Hardware accelerator design,CN,3,1,KHOA_KTMT,open,
CE352,Xử lý tín hiệu số trên FPGA,Digital signal processing on FPGA,CN,3,1,KHOA_KTMT,open,
CE353,Thiết kế vật lý vi mạch,Physical Design,CN,3,1,KHOA_KTMT,open,
CE401,Kỹ thuật hệ thống máy tính,Computer system engineering,CĐTN,3,0,KHOA_KTMT,closed,
CE402,Các hệ điều hành nhúng,Embedded operating systems,CĐTN,3,1,KHOA_KTMT,closed,
CE403,Thiết kế số,Digital design,CĐTN,3,1,KHOA_KTMT,closed,
CE404,Kỹ thuật chế tạo vi mạch,Integrated Circuit Fabrication,CĐTN,3,0,KHOA_KTMT,closed,
CE405,Tương tác người máy,Human-computer interaction,CĐTN,3,0,KHOA_KTMT,open,
CE406,Tương tác người – Máy,Humans Computer Interaction,CNTC,3,1,KHOA_KTMT,open,
CE407,Đồ án chuyên ngành Hệ thống nhúng và Robot,Major Project on Embedded System and Robot Design,CĐTN,0,2,KHOA_KTMT,open,
CE408,Đồ án chuyên ngành Thiết kế vi mạch và phần cứng,Major Project on IC and Computer Hardware Design,CĐTN,0,2,KHOA_KTMT,open,
CE409,Kỹ thuật thiết kế kiểm tra,ASIC Verification Methodology,CN,3,1,KHOA_KTMT,open,
CE410,Kỹ thuật hệ thống máy tính,Computer System Engineering,CĐTN,3,1,KHOA_KTMT,open,
CE411,Chuyên đề hệ thống nhúng và robot,Embedded systems and robotics,CĐTN,3,1,KHOA_KTMT,open,
CE412,Đồ án chuyên ngành Hệ thống nhúng và IoT,Major Project on Embedded System and IoT Design,CN,0,2,KHOA_KTMT,open,
CE413,Đồ án chuyên ngành Robotics và AI,Major Project on Robotcis and AI,CN,0,2,KHOA_KTMT,open,
CE421,Chuyên đề thiết kế vi mạch và phần cứng,IC and hardware designs,CĐTN,3,1,KHOA_KTMT,open,
CE430,Lập trình hệ thống,System programming,CNTC,3,1,KHOA_KTMT,open,
CE432,Thiết kế vi mạch hướng ASIC,ASIC Design,CNTC,3,1,KHOA_KTMT,open,
CE433,Thiết kế hệ thống SoC,System-on-Chip (SoC) Design,CNTC,3,1,KHOA_KTMT,open,
CE434,Chuyên đề thiết kế hệ vi mạch 1,Seminar on IC Design 1,CNTC,3,1,KHOA_KTMT,open,
CE435,Chuyên đề thiết kế hệ vi mạch 2,Topics on IC and Hardware Design 2,CNTC,3,1,KHOA_KTMT,open,
CE436,Xử lý tín hiệu số và ứng dụng,Digital Signal Processing and Application,CNTC,3,1,KHOA_KTMT,open,
CE437,Chuyên đề thiết kế hệ thống nhúng 1,Topics on Embedded systems and robot 1,CNTC,3,1,KHOA_KTMT,open,
CE438,Chuyên đề thiết kế hệ thống nhúng 2,Topics on Embedded systems and robot 2,CNTC,3,1,KHOA_KTMT,open,
CE439,Lập trình song song và hệ phân tán,Parallel Programming & Distributed Systems,CNTC,3,1,KHOA_KTMT,open,
CE440,Hệ thống định vị với ứng dụng AI,Indoor-and-Outdoor Localization System with AI Applications,CN,3,1,KHOA_KTMT,open,
CE441,Chuyên đề thiết kế Robotics và AI 1,,CN,3,1,KHOA_KTMT,open,
CE442,Chuyên đề thiết kế Robotics và AI 2,,CN,3,1,KHOA_KTMT,open,
CE501,Thực tập doanh nghiệp,Internship,TTTN,0,3,KHOA_KTMT,open,
CE502,Thực tập doanh nghiệp,Internship,TTTN,2,0,KHOA_KTMT,open,
CE505,Khóa luận tốt nghiệp,Thesis,KLTN,10,0,KHOA_KTMT,open,
CE506,Luận văn chuyên sâu đặc thù,Thesis,CN,0,14,KHOA_KTMT,open,
CE507,Đồ án tốt nghiệp tại doanh nghiệp,Industry Capstone Project,TN,10,0,KHOA_KTMT,open,
CE508,Đồ án tốt nghiệp,Capstone Project,TN,0,6,KHOA_KTMT,open,
CE510,Chuyên đề tốt nghiệp định hướng Hệ thống nhúng và IoT,Special Project on Embedded System and IoT,CĐTN,3,1,KHOA_KTMT,open,
CE511,Chuyên đề tốt nghiệp định hướng Robotic và AI,Special Project on Robotic and AI,CĐTN,3,1,KHOA_KTMT,open,
CE512,Chuyên đề tốt nghiệp định hướng thiết kế vi mạch,Special Project on IC Design,TN,3,1,KHOA_KTMT,open,
CM101,Quản lý giao tiếp,Communication management,ĐC,3,0,KHOA_HTTT,closed,
CNBU001,Mạng máy tính,Networking,CN,3,1,KHOA_MMT&TT,open,
CNBU002,Bảo mật,Security,CN,3,1,KHOA_MMT&TT,open,
CNBU003,Dự án nghiên cứu,Computing Research Project,CN,4,4,KHOA_MMT&TT,open,
CNBU004,Thiết kế và phát triển website,Website Design and Development,CN,3,1,KHOA_MMT&TT,open,
CNBU005,Internet of Things,Internet of Things,CN,3,1,KHOA_MMT&TT,open,
CNBU006,An toàn mạng máy tính,Network Security,CN,3,1,KHOA_MMT&TT,open,
CNBU007,Pháp chứng kỹ thuật số,Forensics,CN,3,1,KHOA_MMT&TT,open,
CNBU008,Quản lý an toàn thông tin,Information Security Management,CN,3,1,KHOA_MMT&TT,open,
CNBU009,Thực tập,Internship,TTTN,0,0,KHOA_MMT&TT,open,
CNBU101,Toán cho Tin học,Maths for Computing,CN,40,25,KHOA_MMT&TT,open,
CNBU102,Công nghệ mạng máy tính,Networking Technologies,CN,40,25,KHOA_MMT&TT,open,
CNBU103,Lập trình cho kỹ sư mạng máy tính,Programming for Network Engineers,CN,40,25,KHOA_MMT&TT,open,
CNBU104,Hệ thống Servers,Server Systems,CN,40,25,KHOA_MMT&TT,open,
CNBU105,Hệ thống mạng doanh nghiệp,Enterprise Network Systems,CN,40,25,KHOA_MMT&TT,open,
CNBU106,Hoạt động an ninh mạng,Cyber Security Operations,CN,40,25,KHOA_MMT&TT,open,
CNBU107,Dự án chuyên ngành,Enterprise Practice Project,CN,40,25,KHOA_MMT&TT,open,
CNBU108,Hệ điều hành,Applied Operating Systems,CN,44,25,KHOA_MMT&TT,open,
CNBU201,Công nghệ mạng không dây,Wireless Networking Technologies,CN,40,25,KHOA_MMT,open,
CNBU202,Hệ thống tường lửa nâng cao,Advanced Firewall Systems,CN,40,25,KHOA_MMT,open,
CNBU203,An toàn mạng máy tính,Network Security,CN,40,25,KHOA_MMT,open,
CNBU204,Ethical Hacking,Ethical Hacking,CN,40,25,KHOA_MMT,open,
CNBU205,Dự án cá nhân,Individual Honours Project,CN,40,25,KHOA_MMT,open,
CNET1,Mạng máy tính,Computer networks,ĐC,3,1,KHOA_MMT&TT,closed,
CS003,Máy học nâng cao,Advanced machine learning,CN,3,0,KHOA_KHMT,closed,
CS004,Máy học trong xử lý ngôn ngữ tự nhiên,Machine learning in NLP,CN,3,0,KHOA_KHMT,closed,
CS005,Giới thiệu ngành Khoa học Máy tính,Introduction to Computer Science programs,ĐC,1,0,KHOA_KHMT,open,
CS013,Máy học nâng cao,Advanced machine learning,CN,3,1,KHOA_KHMT,closed,
CS014,Máy học trong xử lý ngôn ngữ tự nhiên,Machine learning in NLP,CN,3,1,KHOA_KHMT,closed,
CS019,Chuyên đề ứng dụng Trí tuệ nhân tạo,Applied artificial intelligence,CN,4,0,KHOA_KHMT,closed,
CS101,Nguyên lý và phương pháp lập trình,Principles and Techniques of Programming,CN,3,0,KHOA_KHMT,closed,
CS102,Phân tích & thiết kế thuật toán,Design and analysis of algorithms,CN,3,0,KHOA_KHMT,closed,
CS103,Cơ sở lập trình,Introduction to programming,CN,4,0,KHOA_KHMT,closed,
CS104,Nhập môn công nghệ phần mềm,Software engineering,CN,3,0,KHOA_KHMT,closed,
CS105,Đồ họa máy tính,Computer graphics,CSN,3,1,KHOA_KHMT,open,
CS106,Trí tuệ nhân tạo,Artificial intelligence,CSN,3,1,KHOA_KHMT,open,
CS107,Các hệ cơ sở tri thức,Knowledge-Based Systems,CN,4,0,KHOA_KHMT,closed,
CS108,Lý thuyết thông tin,Information theory,CN,3,0,KHOA_KHMT,closed,
CS109,Máy học,Machine learning,CN,4,0,KHOA_KHMT,closed,
CS110,Nhập môn công nghệ tri thức & máy học,Introduction to knowledge engineering and machine learning,CSN,3,1,KHOA_KHMT,open,
CS111,Nguyên lý và phương pháp lập trình,Principles and techniques of programming,CSN,3,1,KHOA_KHMT,open,
CS1113,Khoa học máy tính I,Computer science 1,ĐC,3,1,KHOA_HTTT,open,
CS112,Phân tích và thiết kế thuật toán,Design and analysis of algorithms,CSN,3,1,KHOA_KHMT,open,
CS113,Đồ họa máy tính và Xử lý ảnh,Computer Graphic and Digital Image Processing,CSN,3,1,KHOA_KHMT,open,
CS114,Máy học,Machine learning,CN,3,1,KHOA_KHMT,open,
CS115,Toán cho Khoa học máy tính,Mathematics for Computer Science,CN,4,0,KHOA_KHMT,open,
CS116,Lập trình Python cho Máy học,Python for Machine Learning,CN,3,1,KHOA_KHMT,open,
CS117,Tư duy tính toán,Computational Thinking,CN,3,1,KHOA_KHMT,open,
CS210,Xử lý ngôn ngữ tự nhiên nâng cao,Advanced natural language processing,CN,4,0,KHOA_KHMT,closed,
CS211,Trí tuệ nhân tạo nâng cao,Advanced artificial intelligence,CN,3,1,KHOA_KHMT,open,
CS212,Xử lý ngôn ngữ tự nhiên,Natural Language Processing,CN,3,1,KHOA_KHMT,closed,
CS213,Ngôn ngữ học máy tính,Computational linguistics,CN,4,0,,closed,
CS2133,Khoa học máy tính II,Computer science 2,ĐC,3,1,KHOA_HTTT,open,
CS2134,Khoa học máy tính,Computer Science,ĐC,3,1,KHOA_HTTT,open,
CS214,Biểu diễn tri thức và suy luận,Knowledge representation and reasoning,CN,3,1,KHOA_KHMT,open,
CS217,Các hệ cơ sở tri thức,Knowledge-based systems,CN,3,1,KHOA_KHMT,open,
CS221,Xử lý ngôn ngữ tự nhiên,Natural language processing,CN,3,1,KHOA_KHMT,open,
CS222,Xử lý ngôn ngữ tự nhiên nâng cao,Advanced natural language processing,CN,3,1,KHOA_KHMT,open,
CS223,Máy học nâng cao,Advanced machine learning,CN,3,1,KHOA_KHMT,closed,
CS224,Máy học xử lý ngôn ngữ tự nhiên,Machine learning in NLP,CN,3,1,KHOA_KHMT,closed,
CS225,Lập trình symbolic trong trí tuệ nhân tạo,Symbolic Programming in Artificial Intelligence,CN,4,0,KHOA_KHMT,closed,
CS226,Ngôn ngữ học máy tính,Computational linguistics,CN,4,0,KHOA_KHMT,open,
CS227,Khai thác dữ liệu và ứng dụng,Data Mining and Applications,CN,3,1,KHOA_KHMT,closed,
CS228,Máy học và ứng dụng,Machine learning and applications,CN,3,1,KHOA_KHMT,closed,
CS229,Ngữ nghĩa học tính toán,Computational Semantics,CN,3,1,KHOA_KHMT,open,
CS231,Nhập môn Thị giác máy tính,Introduction to Computer Vision,CN,3,1,KHOA_KHMT,open,
CS232,Tính toán đa phương tiện,Introduction to Multimedia Computing,CN,3,1,KHOA_KHMT,open,
CS233,Nhận dạng Thị giác,Visual Pattern Recognition,CN,3,1,KHOA_KHMT,closed,
CS2433,Lập trình C/C++,C/C++ programming,CSN,3,1,KHOA_HTTT,open,
CS301,Chuyên đề nghiên cứu khoa học,Scientific Research Seminar,CN,4,0,KHOA_KHMT,closed,
CS302,Seminar,Seminar,CN,3,0,KHOA_KHMT,open,
CS311,Kỹ thuật lập trình trí tuệ nhân tạo,Artificial intelligence programming techniques,CN,3,1,KHOA_KHMT,open,
CS312,Hệ thống đa tác tử,Multi-agent systems,CN,3,1,KHOA_KHMT,open,
CS313,Khai thác dữ liệu và ứng dụng,Data mining and applications,CN,3,1,KHOA_KHMT,open,
CS314,Lập trình symbolic trong trí tuệ nhân tạo,Symbolic programming in artificial intelligence,CN,3,1,KHOA_KHMT,open,
CS315,Máy học nâng cao,Advanced machine learning,CN,3,1,KHOA_KHMT,open,
CS316,Các hệ giải bài toán thông minh,Intelligent problem-solving systems,CN,3,1,KHOA_KHMT,open,
CS317,Phát triển và vận hành hệ thống máy học,Machine learning Operations,CN,3,1,KHOA_KHMT,open,CS114
CS321,Ngôn ngữ học ngữ liệu,Corpus linguistics,CN,3,1,KHOA_KHMT,open,
CS322,Biểu diễn tri thức và ứng dụng,Knowledge representation and applications,CN,4,0,KHOA_KHMT,closed,
CS323,Các hệ thống hỏi-đáp,Question-answering systems,CN,3,1,KHOA_KHMT,open,
CS324,Máy học trong xử lý ngôn ngữ tự nhiên,Machine learning in NLP,CN,3,1,KHOA_KHMT,open,
CS325,Dịch máy,Machine translation,CN,3,1,KHOA_KHMT,open,
CS326,Các kĩ thuật trong xử lý ngôn ngữ tự nhiên,Advanced techniques in natural language processing,CN,3,1,KHOA_KHMT,open,
CS331,Thị giác máy tính nâng cao,Advanced Computer Vision,CN,3,1,KHOA_KHMT,open,
CS332,Máy học trong Thị giác Máy tính,Machine Learning in Computer Vision,CN,3,1,KHOA_KHMT,open,
CS333,Đồ họa game,Computer Graphics in Game,CN,2,1,KHOA_KHMT,open,
CS334,Lập trình tính toán hình thức,Programming for formal computing,CN,3,1,KHOA_KHMT,closed,
CS335,Tìm Kiếm Ảnh và Video,Image and Video Search,CNTC,3,1,KHOA_KHMT,open,
CS336,Truy vấn thông tin đa phương tiện,Multimedia Information Retrieval,CN,3,1,KHOA_KHMT,open,
CS3363,Tổ chức ngôn ngữ lập trình,Organization of programming languages,ĐC,3,1,KHOA_HTTT,open,
CS337,Xử lý âm thanh và tiếng nói,Speech and Audio Signal Processing,CN,3,1,KHOA_KHMT,open,
CS3373,Lập trình hướng đối tượng nâng cao cho môi trường windows,Advanced object-oriented programming for Windows,CSN,3,1,KHOA_HTTT,open,
CS338,Nhận dạng,Pattern Recognition,CN,3,1,KHOA_KHMT,open,
CS339,Xử lý văn bản Y khoa,Natural language processing with health focus,CNTC,3,1,KHOA_KHMT,open,
CS3423,Cấu trúc tập tin,File structure,CSN,3,1,KHOA_HTTT,open,
CS3443,Hệ thống máy tính,Computer Systems,CSN,3,0,KHOA_HTTT,open,
CS351,Chuyên đề NCKH 1,Scientific Research 1,CN,4,0,KHOA_KHMT,closed,
CS3513,Phương pháp số cho máy tính kỹ thuật số,Numerical methods for digital computers,CNTC,3,0,KHOA_HTTT,closed,
CS352,Chuyên đề NCKH 2,Scientific Research 2,CN,4,0,KHOA_KHMT,closed,
CS3613,Cơ sở tính toán,Theoretical foundations of computing,CNCS,3,1,KHOA_HTTT,open,
CS3653,Toán rời rạc cho máy tính,Discrete Mathematics for computer,ĐC,3,0,KHOA_HTTT,open,
CS371,Seminar chuyên đề 1,Seminar 1,CN,2,0,KHOA_KHMT,closed,
CS372,Seminar chuyên đề 2,Seminar 2,CN,2,0,KHOA_KHMT,closed,
CS401,Công nghệ Java,Java technology,CĐTN,3,1,KHOA_KHMT,closed,
CS402,Phân tích thiết kế HTTT quản lý,Management-information system analysis and design,CN,3,0,KHOA_KHMT,closed,
CS403,Các dịch vụ web,Web services,CN,3,0,KHOA_KHMT,closed,
CS404,Công nghệ đa tác tử (Muli-Agent),Multi-agent technology,CĐTN,4,0,KHOA_KHMT,closed,
CS405,Logic mờ và ứng dụng,Fuzzy logic and applications,CĐTN,3,1,KHOA_KHMT,open,
CS406,Xử lý ảnh và ứng dụng,Image processing and applications,CĐTN,3,1,KHOA_KHMT,open,
CS407,Các kỹ thuật trong xử lý NNTN,Advanced Techniques in Natural Language Processing,CĐTN,4,0,KHOA_KHMT,closed,
CS408,Các hệ giải toán thông minh,Intelligent Problem-Solving Systems,CĐTN,4,0,KHOA_KHMT,closed,
CS409,Hệ suy diễn mờ,Fuzzy inference systems,CĐTN,3,1,KHOA_KHMT,open,
CS410,Mạng neural và thuật giải di truyền,Neural netwok and genetic algorithms,CĐTN,3,1,KHOA_KHMT,open,IT003
CS411,Dịch máy,Machine Translation,CĐTN,4,0,KHOA_KHMT,closed,
CS412,Web ngữ nghĩa,Sematic web,CĐTN,3,1,KHOA_KHMT,open,
CS414,Lý thuyết automat và ứng dụng,Automata theory and applications,CĐTN,3,1,KHOA_KHMT,open,
CS4143,Đồ họa máy tính,Computer graphics,CNTC,3,0,KHOA_HTTT,open,
CS415,Mã hóa thông tin,Encoding information,CĐTN,3,1,KHOA_KHMT,closed,
CS4153,Phát triển ứng dụng trên di động,Mobile Applications Development,CN,3,0,KHOA_HTTT,open,
CS417,Nhận dạng,Pattern recognition,CN,2,1,KHOA_KHMT,closed,
CS418,Trực quan máy tính,Visual computing,CĐTN,3,1,KHOA_KHMT,closed,
CS419,Truy xuất thông tin,Information retrieval,CĐTN,3,1,KHOA_KHMT,open,
CS420,Các vấn đề chọn lọc trong Thị giác máy tính,Selected Topics in computer Vision,CĐTN,3,1,KHOA_KHMT,open,
CS421,Khai thác dữ liệu đa phương tiện,Khai thác dữ liệu đa phương tiện,CĐTN,3,1,KHOA_KHMT,closed,
CS4243,Thuật toán và tiến trình trong an toàn máy tính,Algorithms and processes in computer security,CSN,3,0,KHOA_HTTT,open,
CS4273,Nhập môn Công nghệ phần mềm,Software engineering,CNCS,3,1,KHOA_HTTT,open,
CS4283,Mạng máy tính,Computer network,ĐC,3,0,KHOA_HTTT,open,
CS431,Các kĩ thuật học sâu và ứng dụng,Deep Learning and Applications,CĐTN,2,1,KHOA_KHMT,open,
CS4323,Hệ điều hành,Design and Inplementation of Operating system,ĐC,3,0,KHOA_HTTT,open,
CS4343,Cấu trúc dữ liệu và giải thuật,Data structure and algorithm Analysis,ĐC,3,1,KHOA_HTTT,open,
CS4344,An ninh mạng,Cyber Security,CSN,3,0,KHOA_HTTT,closed,
CS4793,Trí tuệ nhân tạo,Artificial intelligence,CNCS,3,1,KHOA_HTTT,open,
CS4883,Các vấn đề xã hội trong tính toán,Social issues in computing,CNTC,3,0,KHOA_HTTT,closed,
CS5000,Luận văn,Thesis,KLTN,10,0,KHOA_HTTT,open,
CS501,Khóa luận tốt nghiệp,Thesis,KLTN,10,0,KHOA_KHMT,closed,
CS502,Các công nghệ web và ứng dụng,Web technology and applications,CN,2,0,KHOA_KHMT,closed,
CS503,Môn tốt nghiệp KHMT 2,Computer science,CN,3,0,KHOA_KHMT,closed,
CS5030,Thực tập tốt nghiệp,Internship,TTTN,3,0,KHOA_HTTT,open,
CS5031,Thực tập doanh nghiệp,Internship,TN,2,0,KHOA_HTTT,open,
CS504,Công nghệ .NET,.Net technology,CN,3,1,KHOA_KHMT,closed,
CS505,Khoá luận tốt nghiệp,Thesis,KLTN,10,0,KHOA_KHMT,open,
CS506,Chuyên đề J2EE,J2EE,CN,3,1,KHOA_KHMT,closed,
CS507,Hệ điều hành Linux,Linux operating systems,CN,3,1,KHOA_KHMT,closed,
CS508,Lập trình cơ sở dữ liệu,Database programming,CN,3,1,KHOA_KHMT,closed,
CS510,Lý thuyết thông tin,Information theory,CN,3,0,KHOA_KHMT,closed,
CS511,Ngôn ngữ lập trình C#,C# programming language,CNTC,3,1,KHOA_KHMT,open,
CS513,Ngôn ngữ lập trình Java,Java programming language,CN,3,1,KHOA_KHMT,closed,
CS515,Phân tích thiết kế hệ thống thông tin,Information system analysis and design,CN,3,1,KHOA_KHMT,closed,
CS516,Phân tích thiết kế hướng đối tượng với UML,Object-oriented analysis and design with UML,CN,3,1,KHOA_KHMT,closed,
CS517,Quản lý dự án,Project management,CN,3,0,KHOA_KHMT,closed,
CS518,Xây dựng phần mềm hướng đối tượng,Object-oriented software development,CN,3,1,KHOA_KHMT,closed,
CS519,Phương pháp luận nghiên cứu khoa học,Scientific research methodology,CNTC,3,0,KHOA_KHMT,open,
CS521,Toán rời rạc nâng cao,Advance Discerete Mathematics,CNTC,4,0,KHOA_KHMT,open,
CS522,Đại số máy tính,Computer algebra,CĐTN,3,1,KHOA_KHMT,open,
CS523,Cấu trúc dữ liệu và giải thuật nâng cao,Advanced data structures and algorithms,CNTC,3,1,KHOA_KHMT,open,
CS524,Một số ứng dụng của xử lý ngôn ngữ tự nhiên,Applied Natural Language Processing,CNTC,3,1,KHOA_KHMT,open,
CS525,Thị giác máy tính trong tương tác người – máy,Computer Vision in Human-Computer Interaction,CN,3,1,KHOA_KHMT,open,
CS526,Phát triển ứng dụng đa phương tiện trên thiết bị di động,Multimedia Mobile Applications,CNTC,3,1,KHOA_KHMT,open,
CS527,Thực tại ảo,Virtual Reality,CNTC,3,1,KHOA_KHMT,open,
CS528,Trực quan hóa thông tin,Information Visualization,CNTC,3,1,KHOA_KHMT,open,
CS529,Các vấn đề nghiên cứu và ứng dụng trong khoa học máy tính,Selected topics for researching and application in Computer Science,CNTC,4,0,KHOA_KHMT,open,
CS530,Đồ án chuyên ngành,Undergraduate Research Project,CNTC,3,0,KHOA_KHMT,open,
CS531,Đồ họa trong video game,Computer Graphics in Video Games,CN,3,1,KHOA_KHMT,closed,
CS532,Thị giác máy tính trong tương tác người-máy,Computer Vision in Human-Computer Interaction,CN,3,1,KHOA_KHMT,open,
CS534,Lập trình Javascript và ứng dụng,Lập trình Javascript và ứng dụng,CNTC,3,1,KHOA_KHMT,open,
CS535,Tổng hợp tiếng nói,Speech Synthesis,CNTC,3,1,KHOA_KHMT,open,
CS5423,Nguyên lý các hệ cơ sở dữ liệu,Principle of database systems,CSN,3,1,KHOA_HTTT,open,
CS5433,Các hệ cơ sở dữ liệu phân tán,Distributed database systems,CSN,3,0,KHOA_HTTT,open,
CS551,Thực tập,Internship,TTTN,2,0,KHOA_KHMT,open,
CS553,Đồ án tốt nghiệp,Capstone Project,TN,6,0,KHOA_KHMT,open,
CS554,Đồ án tốt nghiệp tại doanh nghiệp,Industry Capstone Project,TN,10,0,KHOA_KHMT,open,
CSBU001,Lập trình,Programming,CN,3,1,KHOA_KHMT,open,
CSBU002,Mạng máy tính,Networking,CN,3,1,KHOA_KHMT,open,
CSBU003,Thực hành nghề nghiệp,Professional Practice,CN,4,0,KHOA_KHMT,open,
CSBU004,Toán cho Tin học,Maths for Computing,CN,3,1,KHOA_KHMT,open,
CSBU005,Bảo mật,Security,CN,3,1,KHOA_KHMT,open,
CSBU006,Quản lý dự án máy tính thành công,Managing a Successful Computing Project,CN,4,0,KHOA_KHMT,open,
CSBU007,Thiết kế và phát triển cơ sở dữ liệu,Database Design and Development,CN,3,1,KHOA_KHMT,open,
CSBU008,Kiến trúc máy tính,Computer Systems Architecture,CN,3,1,KHOA_KHMT,open,
CSBU009,Dự án nghiên cứu,Computing Research Project,CN,4,4,KHOA_KHMT,open,
CSBU010,Công nghệ kinh doanh thông minh,Business Intelligence,CN,3,1,KHOA_KHMT,open,
CSBU011,Toán rời rạc,Discrete Maths,CN,4,0,KHOA_KHMT,open,
CSBU012,Cấu trúc dữ liệu và giải thuật,Data Structures and Algorithms,CN,3,1,KHOA_KHMT,open,
CSBU013,Lập trình nâng cao,Advanced Programming,CN,3,1,KHOA_KHMT,open,
CSBU014,Máy học,Machine Learning,CN,3,1,KHOA_KHMT,open,
CSBU015,Điện toán đám mây,Cloud Computing,CN,3,1,KHOA_KHMT,open,
CSBU016,Thực tập,Internship,TTTN,0,0,KHOA_KHMT,open,
CSBU101,Lập trình máy tính,Computer Programming,CN,40,25,KHOA_KHMT,open,
CSBU102,Hệ thống máy tính,Computer Systems,CN,40,25,KHOA_KHMT,open,
CSBU103,Phát triển và thiết kế web,Website Design and Development,CN,40,25,KHOA_KHMT,open,
CSBU104,Cấu trúc dữ liệu và giải thuật,Data Structures and Algorithms,CN,40,25,KHOA_KHMT,open,
CSBU105,Mạng máy tính căn bản,Network Fundamentals,CN,40,25,KHOA_KHMT,open,
CSBU106,Đồ án đổi mới sáng tạo,Innovation Project,CN,48,32,KHOA_KHMT,open,
CSBU107,Lập trình hướng đối tượng,Object Oriented Programming,CN,40,25,KHOA_KHMT,open,
CSBU108,Hệ điều hành,Operating Systems,CN,40,25,KHOA_KHMT,open,
CSBU109,Phát triển ứng dụng web và cơ sở dữ liệu,Database and Web Application Development,CN,40,25,KHOA_KHMT,open,
CSBU110,Toán rời rạc và Lập trình khai báo,Discrete Mathematics and Declarative Programming,CN,40,25,KHOA_KHMT,open,
CSBU111,An ninh mạng,Cyber Security,CN,40,25,KHOA_KHMT,open,
CSBU112,Thiết kế phần mềm,Software Design,CN,40,25,KHOA_KHMT,open,
CSBU201,Thiết kế trải nghiệm người dùng,User Experience Design,CN,40,25,KHOA_KHMT,open,
CSBU202,Phát triển ứng dụng cho thiết bị di động và thiết bị đeo,Mobile and Wearable Application Development,CN,48,32,KHOA_KHMT,open,
CSBU203,Điện toán đám mây,Cloud Computing,CN,40,25,KHOA_KHMT,open,
CSBU204,Trí tuệ nhân tạo và Máy học,Artificial Intelligence and Machine Learning,CN,40,25,KHOA_KHMT,open,
CSBU205,Dự án cá nhân,Individual Honours Project,CN,48,32,KHOA_KHMT,open,
CSC01,Tin học đại cương,Introduction to informatics,CN,3,1,KHOA_KHMT,closed,
CSC11,Khoa học máy tính I,Computer science I,CN,4,0,KHOA_KHMT,closed,
CSC12,Khoa học máy tính II,Computer science II,CN,4,0,KHOA_KHMT,closed,
CSC21,Tin học đại cương (TE),Introduction to informatics,CN,5,0,KHOA_KHMT,closed,
CSKI1,Kỹ năng truyền thông làm việc nhóm,Teamwork and communication skills,CN,4,0,KHOA_KHMT,closed,
CU001,Văn hóa doanh nghiệp Nhật,Japanese corporate culture,CN,2,0,KHOA_KTTT,open,
DAI015,Thực hành văn bản Tiếng Việt,Vietnamese Practice,CN,2,0,KHOA_PĐTĐH,open,
DBSS1,Cơ sở dữ liệu,Database,ĐC,3,1,KHOA_TTNN,closed,
DEMO101,Nhập môn Công nghệ Thông tin,Introduction to IT,Bắt buộc,3,0,KHOA_CNTT,open,
DEMO102,Lập trình Python căn bản,Intro to Python,Bắt buộc,2,1,KHOA_CNTT,open,
DEMO201,Cấu trúc dữ liệu & Giải thuật,Data Structures & Algorithms,Bắt buộc,3,1,KHOA_CNTT,open,DEMO102
DEMO202,Cơ sở dữ liệu,Database Systems,Bắt buộc,2,1,KHOA_CNTT,open,
DS005,Giới thiệu ngành Khoa học Dữ liệu,Introduction to Data Science,ĐC,1,0,KHOA_KTTT,open,
DS101,Thống kê và xác suất chuyên sâu,Advanced Statistic and Probabilistics,CN,2,1,KHOA_KTTT,open,MA005
DS102,Học máy thống kê,Statistical Machine Learning,CN,3,1,KHOA_KTTT,open,
DS103,Thu thập và tiền xử lý dữ liệu,Getting and Cleaning Data,CN,3,1,KHOA_KTTT,open,
DS104,Tính toán song song & phân tán,Parallel and Distributed Computing,CN,3,1,KHOA_KTTT,open,
DS105,Phân tích và trực quan dữ liệu,Data Analytics and Visulization,CN,3,1,KHOA_KTTT,open,
DS106,Tối ưu hóa và ứng dụng,Optimization and Applications,CN,2,1,KHOA_KTTT,open,
DS107,Tư duy tính toán cho Khoa học dữ liệu,Computational Thinking for Data Science,CN,3,1,KHOA_KTTT,open,
DS108,Tiền xử lý và xây dựng bộ dữ liệu,Pre-processing and Constructing Dataset,CN,3,1,KHOA_KTTT,open,
DS111,Phân tích dữ liệu,Data Analysis,CSN,3,1,KHOA_KTTT,open,
DS200,Phân tích dữ liệu lớn,Big Data Analysis,CN,3,1,KHOA_KTTT,open,
DS201,Deep Learning trong khoa học dữ liệu,Deep Learning for Data Science,CN,3,1,KHOA_KTTT,open,
DS202,Đồ án khoa học dữ liệu và ứng dụng 1,Data science project and application 1,CN,0,2,KHOA_KTTT,open,
DS203,Đồ án khoa học dữ liệu và ứng dụng 2,Data science project and application 2,CN,0,2,KHOA_KTTT,open,
DS204,Đồ án khoa học dữ liệu và ứng dụng,Applied Project in data science,ĐA,0,2,KHOA_KTTT,open,
DS207,Đồ án,Project,CN,0,2,KHOA_KTTT,open,
DS300,Hệ khuyến nghị,Recommender Systems,CN,3,1,KHOA_KTTT,open,
DS301,Các giải thuật khai phá dữ liệu lớn,Mining of Massive Datasets,CN,3,1,KHOA_KTTT,open,
DS302,Phân tích thống kê đa biến,Multivariate Statistical Analysis,CN,2,1,KHOA_KTTT,open,MA005
DS303,Thống kê Bayes,Bayesian Statictics,CN,2,1,KHOA_KTTT,open,MA005
DS304,Thiết kế và phân tích thực nghiệm,Design and Analysis of Experiments,CN,3,0,KHOA_KTTT,open,
DS305,Phân tích dữ liệu chuỗi thời gian và ứng dụng,Applied Time Series Analysis,CN,2,1,KHOA_KTTT,open,MA005
DS306,Phân tích dữ liệu lớn trong tài chính,Big Data Analytics in Finance,CN,3,0,KHOA_KTTT,open,DS200
DS307,Phân tích dữ liệu truyền thông xã hội,Social Media Data Analytics,CN,3,0,KHOA_KTTT,open,
DS308,Mô hình đồ thị xác suất,Probabilistic Graphical Models,CN,3,1,KHOA_KTTT,open,
DS309,Thực tập doanh nghiệp,Internship,TTTN,2,0,KHOA_KTTT,open,
DS310,Xử lý ngôn ngữ tự nhiên cho Khoa học dữ liệu,Natural Language Processing for Data Science,CN,3,1,KHOA_KTTT,open,
DS311,Kỹ năng nghiên cứu và viết bài báo khoa học,Scientific research and writing skills,CN,3,0,KHOA_KTTT,open,
DS312,Xử lý ảnh y khoa,Medical Image Processing,CN,3,0,KHOA_KTTT,open,
DS313,Xử lý thông tin giọng nói,Speech Information Processing,CN,3,1,KHOA_KTTT,open,
DS314,Rút trích và truy vấn thông tin,Information Extraction and Retrieval,CN,3,1,KHOA_KTTT,open,
DS315,Phân tích Kho dữ liệu,Data Warehouse Analysis,CN,3,1,KHOA_KTTT,open,
DS316,Xây dựng ứng dụng thông minh,Intelligent Application,CN,3,1,KHOA_KTTT,open,
DS317,Khai phá dữ liệu trong doanh nghiệp,Data Mining for Enterprise,CN,3,1,KHOA_KTTT,open,
DS318,Đạo đức trong Trí tuệ nhân tạo và Khoa học dữ liệu,Ethics in Artificial Intelligence and Data Science,CN,3,0,KHOA_KTTT,open,
DS319,Mô hình ngôn ngữ lớn,Large Language Models,CN,3,1,KHOA_KTTT,open,
DS320,Học đa thể thức,Multimodal Learning,CN,3,1,KHOA_KTTT,open,
DS321,Khoa học dữ liệu cho An toàn thông tin,Data science for cyber security,CN,3,1,KHOA_KTTT,open,
DS322,Thiết kế hệ thống Học máy,Machine Learning Systems Design,CN,3,1,KHOA_KTTT,open,
DS323,Viết báo cáo kỹ thuật và thuyết trình,Technical Report Writing and Presentation,CN,3,0,KHOA_KTTT,open,
DS324,Khai thác dữ liệu ảnh số,Digital Image Data Mining,CN,3,1,KHOA_KTTT,open,
DS325,Thiết kế ứng dụng với dữ liệu chuyên sâu,Designing Data-intensive Applications,CN,3,1,KHOA_KTTT,open,DS108
DS326,Khai phá dữ liệu đa phương tiện và ứng dụng,Multimedia Mining and Applications,CN,3,1,KHOA_KTTT,open,
DS327,Các mô hình nền tảng,Foundation Models,CN,3,1,KHOA_KTTT,open,
DS400,Chuyên đề tốt nghiệp Khoa học dữ liệu,Data Science Graduate Seminars,TN,4,0,KHOA_KTTT,open,
DS501,Đồ án tốt nghiệp,Capstone Project,ĐC,6,0,KHOA_KTTT,open,
DS502,Đồ án tốt nghiệp tại doanh nghiệp,Industry Capstone Project,TN,10,0,KHOA_KTTT,open,
DS505,Khóa luận tốt nghiệp,Thesis,KLTN,10,0,KHOA_KTTT,open,
DSAL1,Cấu trúc dữ liệu và giải thuật,Data Structures and Algorithms,ĐC,3,1,KHOA_TTNN,closed,
DSAL2,Cấu trúc dữ liệu & giải thuật nâng cao,Advanced data structures and algorithms,ĐC,3,1,KHOA_KHMT,closed,
DTH039,Đô thị học đại cương,Introduction to urban studies,CN,3,0,KHOA_PĐTĐH,open,
EC001,Kinh tế học đại cương,Principles of economics,CSN,4,0,KHOA_HTTT,open,
EC002,Quản trị doanh nghiệp,Business Management,CNTC,3,0,KHOA_HTTT,open,
EC003,Tiếp thị căn bản,Basic makerting,CN,3,0,KHOA_HTTT,open,
EC005,Giới thiệu ngành Thương mại Điện tử,Introduction to E-Commerce,ĐC,1,0,KHOA_HTTT,open,
EC101,Marketing căn bản,Basic marketing,CN,3,0,KHOA_HTTT,open,
EC201,Phân tích thiết kế quy trình nghiệp vụ doanh nghiệp,Business Process Modeling,CSN,3,1,KHOA_HTTT,open,
EC202,Nhập môn quản trị chuỗi cung ứng,Supply Chain Management,CNTC,3,1,KHOA_HTTT,closed,
EC203,Quản trị quan hệ khách hàng và nhà cung cấp,Customer Relationship Management and Supplier Relationship Management,CN,3,1,KHOA_HTTT,closed,
EC204,Marketing điện tử,E-Marketing,CN,2,1,KHOA_HTTT,open,
EC208,QuẢN trị dự án TMĐT,E-Commerce project management,CN,3,0,KHOA_HTTT,open,
EC212,Thực tập doanh nghiệp,Industry Internship Program,TTTN,3,0,KHOA_HTTT,closed,
EC213,Quản trị quan hệ khách hàng và nhà cung cấp,Customer Relationship Management and Supplier Relationship Management,CN,2,1,KHOA_HTTT,open,
EC214,Nhập môn Quản trị chuỗi cung ứng,Introduction to Supply Chain Management,CNTC,3,0,KHOA_HTTT,open,
EC219,Pháp luật trong thương mại điện tử,Law in E-Commerce,CN,3,0,KHOA_HTTT,closed,
EC222,Thực tập doanh nghiệp,Internship,TTTN,2,0,KHOA_HTTT,open,
EC229,Pháp luật trong thương mại điện tử,Law in E-Commerce,CN,2,0,KHOA_HTTT,open,
EC232,Nguyên lý kế toán,Principle of accounting,CNTC,3,0,KHOA_HTTT,open,
EC301,Tiếp thị trực tuyến (E-Marketing),E-Marketing,CN,3,1,KHOA_HTTT,closed,
EC302,Thiết kế Hệ thống Thương mại điện tử,E-Commerce System Design,CN,3,1,KHOA_HTTT,closed,
EC304,Tối ưu hóa công cụ tìm kiếm trong Thương mại điện tử,Search engine optimization in E-Commerce,CN,3,0,KHOA_HTTT,open,
EC311,Tiếp thị trực tuyến,E-Marketing,CN,2,1,KHOA_HTTT,open,
EC312,Thiết kế hệ thống thương mại điện tử,E-Commerce System Design,CN,2,1,KHOA_HTTT,open,
EC331,Quản trị chiến lược kinh doanh điện tử,Electronic Strategic Business Management,CNTC,3,0,KHOA_HTTT,open,
EC332,Quản trị sản xuất,Production & Mananufacturing Management,CNTC,3,0,KHOA_HTTT,open,
EC333,Quản trị tài chính doanh nghiệp,Finance Management,CNTC,3,0,KHOA_HTTT,open,
EC334,Quản trị kênh phân phối,Distribution Chanel Management,CNTC,3,0,KHOA_HTTT,open,
EC335,An toàn và bảo mật thương mại điện tử,Safety and security in Electronic Commerce,CN,3,0,KHOA_HTTT,open,
EC336,Quản trị nhân lực,Human Resources,CNTC,3,0,KHOA_HTTT,open,
EC337,Hệ thống thanh toán trực tuyến,E-Payment System,CN,3,0,KHOA_HTTT,open,
EC338,Quản trị bán hàng,Sales Management,CNTC,3,0,KHOA_HTTT,open,
EC401,Khóa luận tốt nghiệp,Thesis,KLTN,10,0,KHOA_HTTT,open,
EC402,Phát triển ứng dụng thương mại di động,Mobile commerce application development,CN,3,1,KHOA_HTTT,open,
EC403,Thương mại xã hội,Social commerce,CN,3,0,KHOA_HTTT,open,
EC404,Đồ án tốt nghiệp,Capstone Project,TN,6,0,KHOA_HTTT,open,
EC405,Đồ án tốt nghiệp tại doanh nghiệp,Industry Capstone Project,TN,10,0,KHOA_HTTT,open,
ECE02,Mạch số,Digital circuit,ĐC,3,1,KHOA_BMTL,closed,
ECON3313,Kinh tế tiền tệ,Monetary economics,CNTC,3,0,KHOA_HTTT,closed,
EN001,Anh văn 1,English 1,ĐC,4,0,KHOA_BMAV,closed,ENBT
EN001.CO,English for Communication 1,English for Communication 1,BT,0,0,KHOA_HTTT,open,
EN001.GE,General English,General English,BT,0,0,KHOA_HTTT,open,
EN002,Anh văn 2,English 2,ĐC,4,0,KHOA_BMAV,closed,EN001
EN002.CO,English for Communication 1,English for Communication 1,BT,0,0,KHOA_HTTT,open,
EN002.GE,General English,General English,BT,0,0,KHOA_HTTT,open,
EN003,Anh văn 3,English 3,ĐC,4,0,KHOA_BMAV,closed,EN002
EN004,Anh văn 1,English 1,ĐC,4,0,KHOA_BMAV,closed,
EN005,Anh văn 2,English 2,ĐC,4,0,KHOA_BMAV,closed,
EN006,Anh văn 3,English 3,ĐC,4,0,KHOA_BMAV,closed,
ENBT,Anh văn Bổ túc,English 0,BT,0,0,KHOA_BMAV,closed,
ENG00,Anh văn 0,English 0,ĐC,0,0,KHOA_TTNN,closed,
ENG01,Anh văn 1,English 1,ĐC,4,0,KHOA_TTNN,open,
ENG02,Anh văn 2,English 2,ĐC,4,0,KHOA_TTNN,open,ENG01
ENG03,Anh văn 3,English 3,ĐC,4,0,KHOA_TTNN,open,ENG02
ENG04,Anh văn 4,English 4,ĐC,4,0,KHOA_TTNN,open,ENG03
ENG05,Anh văn 5,English 5,ĐC,4,0,KHOA_TTNN,open,ENG04
ENG06,Kỹ năng thuyết trình tiếng Anh,Effective Presentation,CN,4,0,KHOA_TTNN,open,ENG03
ENG07,Kỹ Năng Viết Luận,Academic Writing,CN,4,0,KHOA_TTNN,open,ENG03
ENG11,Tiếng anh tăng cường I,Intensive English I,ĐC,0,0,KHOA_TTNN,closed,
ENG12,Tiếng anh tăng cường II,Intensive English II,ĐC,0,0,KHOA_TTNN,closed,
ENG13,Tiếng Anh I,English Composition I,ĐC,0,0,KHOA_TTNN,closed,
ENG14,Tiếng Anh II,English Composition II,ĐC,0,0,KHOA_TTNN,closed,
ENG15,Tiếng Anh chuyên ngành CNTT,English for computer science,ĐC,0,0,KHOA_TTNN,closed,
ENGA1,Anh văn sơ cấp 1,Anh văn sơ cấp 1,BT,0,0,KHOA_TTNN,open,
ENGA2,Anh văn sơ cấp 2,Anh văn sơ cấp 2,BT,0,0,KHOA_TTNN,open,
ENGBT,Anh văn bổ túc,English 0,ĐC,0,0,KHOA_TTNN,closed,
ENGL1113,Tiếng Anh I,English Composition I,ĐC,3,0,KHOA_HTTT,open,
ENGL1213,Tiếng Anh II,English composition 2,ĐC,3,0,KHOA_HTTT,open,ENGL1113
ENLS1,"Nâng cao kỹ năng nghe, nói tiếng Anh 1","Nâng cao kỹ năng nghe, nói tiếng Anh 1",ĐC,0,0,KHOA_TTNN,closed,
ENLS2,"Nâng cao kỹ năng nghe, nói tiếng Anh 2","Nâng cao kỹ năng nghe, nói tiếng Anh 2",ĐC,0,0,KHOA_TTNN,closed,
ENRW1,"Nâng cao kỹ năng đọc, viết tiếng Anh 1","Nâng cao kỹ năng đọc, viết tiếng Anh 1",ĐC,0,0,KHOA_TTNN,closed,
ENRW2,"Nâng cao kỹ năng đọc, viết tiếng Anh 2","Nâng cao kỹ năng đọc, viết tiếng Anh 2",ĐC,0,0,KHOA_TTNN,closed,
GDH075,Tâm lý học giao tiếp,Communication psychology,CN,1,1,KHOA_PĐTĐH,open,
HCMT1,Tư tưởng Hồ Chí Minh,Ho Chi Minh's Ideology,ĐC,2,0,KHOA_PĐTĐH,closed,
IE005,Giới thiệu ngành Công nghệ Thông tin,Introduction to Information Technology,ĐC,1,0,KHOA_KTTT,open,
IE101,Cơ sở hạ tầng công nghệ thông tin,Information technology Infrastructure,CSN,2,1,KHOA_KTTT,open,
IE102,Các công nghệ nền,Platform technologies,CSN,2,1,KHOA_KTTT,open,
IE103,Quản lý thông tin,Information management,CSN,3,1,KHOA_KTTT,open,
IE104,Internet và công nghệ Web,Internet and web technology,CSN,3,1,KHOA_KTTT,open,
IE105,Nhập môn bảo đảm và an ninh thông tin,Introduction to information assurance and security,CSN,3,1,KHOA_KTTT,open,
IE106,Thiết kế giao diện người dùng,User interface design,CSN,3,1,KHOA_KTTT,open,
IE107,Thiết kế giao diện người dùng,Thiết kế giao diện người dùng,CSN,3,1,KHOA_KTTT,closed,
IE108,Phân tích thiết kế phần mềm,Software Analysis and Design,CN,3,1,KHOA_KTTT,open,
IE201,Xử lý dữ liệu thống kê,Analysis of statistical data,CN,3,0,KHOA_KTTT,open,
IE202,Quản trị doanh nghiệp,Business management,CN,3,0,KHOA_KTTT,closed,
IE203,Hệ thống quản trị qui trình nghiệp vụ,Bussiness process management systems,CĐTN,3,1,KHOA_KTTT,open,
IE204,Tối ưu hóa công cụ tìm kiếm,Search engine optimization,CĐTN,3,1,KHOA_KTTT,open,
IE205,Xử lý ảnh vệ tinh,Satellite image processing,CN,3,0,KHOA_KTTT,open,
IE206,Đồ án chuẩn bị tốt nghiệp,Preparing for the graduation project,ĐA,0,2,KHOA_KTTT,open,
IE207,Đồ án,Project,ĐA,0,2,KHOA_KTTT,open,
IE208,Kiến trúc và tích hợp hệ thống,System Integration and Architecture,CNTC,3,0,KHOA_KTTT,closed,
IE209,Công nghệ Java,Java Technology,CNTC,3,1,KHOA_KTTT,open,
IE210,Hệ thống định vị toàn cầu (GPS),Global Positioning System,CNTC,3,0,KHOA_KTTT,closed,
IE211,Tin học môi trường,Environmental Informatics,CNTC,2,0,KHOA_KTTT,closed,
IE212,Công nghệ Dữ liệu lớn,Big Data Technology,CN,3,1,KHOA_KTTT,open,
IE213,Kỹ thuật phát triển hệ thống Web,Web System Development Techniques,CN,3,1,KHOA_KTTT,open,
IE216,Các chủ đề toán học cho KHDL,Topics in Mathematics of Data Science,CNTC,3,0,KHOA_KTTT,open,
IE217,Máy học,Máy học,CNTC,3,1,KHOA_KTTT,closed,
IE218,Xử lý dữ liệu lớn,Big Data Processing,CNTC,3,1,KHOA_KTTT,open,
IE221,Kỹ thuật lập trình Python,Python Programming Techniques,CN,3,1,KHOA_KTTT,open,
IE222,Phân tích dữ liệu bằng Python,Phân tích dữ liệu bằng Python,CN,3,1,KHOA_KTTT,closed,
IE223,Phân tích dữ liệu bằng Python &R,Phân tích dữ liệu bằng Python &R,CN,3,1,KHOA_KTTT,open,
IE224,Phân tích dữ liệu,Data Analysis,CN,3,1,KHOA_KTTT,open,
IE225,Mạng kết nối,Interconnections Networks,CN,3,1,KHOA_KTTT,open,
IE226,Đồ họa và trực quan hóa máy tính,Computer Graphics and Visualization,CN,3,1,KHOA_KTTT,open,
IE227,Xử lý tín hiệu số cho mạng,Signal Processing over Networks,CN,3,1,KHOA_KTTT,open,
IE228,Human-Computer Interaction,Human-Computer Interaction,CN,3,1,KHOA_KTTT,open,
IE229,Artificial Intelligence,Artificial Intelligence,CN,3,1,KHOA_KTTT,open,
IE230,Viết báo cáo kỹ thuật bằng tiếng Nhật,Japanese technical writing,CN,0,2,KHOA_KTTT,open,
IE231,Quản trị doanh nghiệp công nghệ thông tin,Information technology enterprise management,CN,3,0,KHOA_KTTT,open,
IE232,Nhập môn trí tuệ nhân tạo,Introduction to Artificial Intelligence,CN,3,1,KHOA_KTTT,open,
IE233,Phân tích và mô hình mạng xã hội,Analysis and Modeling of Social Networks,CN,3,1,KHOA_KTTT,open,
IE301,Quản trị quan hệ khách hàng,Customer relationship management,CNTC,3,0,KHOA_KTTT,open,
IE302,Kiến trúc và tích hợp hệ thống,System integration and architecture,CNTC,3,0,KHOA_KTTT,open,
IE303,Công nghệ Java,Java technology,CĐTN,3,1,KHOA_KTTT,open,
IE304,Hệ thống định vị toàn cầu,Global positioning system,CNTC,3,0,KHOA_KTTT,open,
IE305,Tin học môi trường,Environmental informatics,CNTC,2,0,KHOA_KTTT,open,
IE307,Công nghệ lập trình đa nền tảng cho ứng dụng di động,Cross-Platform Mobile Development,CNTC,3,1,KHOA_KTTT,open,
IE309,Thực tập doanh nghiệp,Internship,TTTN,2,0,KHOA_KTTT,open,
IE310,Tư duy thiết kế,Design thinking,CN,3,0,KHOA_KTTT,open,
IE313,Phân tích và trực quan dữ liệu,Data Analysis and Visualization,CN,3,1,KHOA_KTTT,open,
IE400,Chuyên đề tốt nghiệp,Graduate Seminars,TN,4,0,KHOA_KTTT,open,
IE401,Tin-Sinh học,Bioinformatics,CĐTN,3,0,KHOA_KTTT,open,
IE402,Hệ thống thông tin địa lý 3 chiều,Three-dimensional Geographic Information System,CĐTN,3,1,KHOA_KTTT,open,
IE403,Khai thác dữ liệu truyền thông xã hội,Social media mining,CĐTN,3,0,KHOA_KTTT,open,
IE404,Khai phá truyền thông xã hội,Social Media Mining,CĐTN,3,0,KHOA_KTTT,closed,
IE405,Công nghệ phân tích dữ liệu lớn,Big data analysis Technologies,CĐTN,3,1,KHOA_KTTT,open,
IE406,Nhập môn ẩn thông tin và ứng dụng,Data hiding fundamentals and applications,TN,3,0,KHOA_KTTT,open,
IE501,Đồ án tốt nghiệp,Capstone Project,TN,6,0,KHOA_KTTT,open,
IE502,Đồ án tốt nghiệp tại doanh nghiệp,Industry Capstone Project,TN,10,0,KHOA_KTTT,open,
IE505,Khóa luận tốt nghiệp,Graduation thesis,KLTN,10,0,KHOA_KTTT,open,
IEM4733,Tái cấu trúc quy trình doanh nghiệp,Re-engineering Business Processes,CN,3,0,KHOA_HTTT,open,
IEM5723,"Mô hình hóa dữ liệu, quy trình và đối tượng","Data, Process and Object Modeling",CSN,3,0,KHOA_HTTT,open,
INI01,Thực tập quốc tế,International Internship,CN,2,0,KHOA_PĐTĐH,open,
INT001,Tiếng Anh tổng quát (tạm gọi),General English,BT,0,0,KHOA_HTTT,open,
INT002,Toeic 1,Toeic 1,BT,0,0,KHOA_HTTT,open,
INT003,Tiếng Anh tổng quát 2 (tạm gọi),General English 2,BT,0,0,KHOA_HTTT,open,
INT004,Toeic 2,Toeic 2,BT,0,0,KHOA_HTTT,open,
INT005,Tiếng Anh giao tiếp (tạm gọi),Communication,ĐC,0,0,KHOA_HTTT,open,
INT006,Toeic 3,Toeic 3,ĐC,0,0,KHOA_HTTT,open,
IS005,Giới thiệu ngành Hệ thống Thông tin,Introduction to Information Systems discipline,ĐC,1,0,KHOA_HTTT,open,
IS101,Thiết kế cơ sở dữ liệu,Database design,CN,3,1,KHOA_HTTT,closed,
IS102,Các hệ cơ sở tri thức,Knowledge-based systems,CN,3,0,KHOA_HTTT,closed,
IS103,Hệ quản trị cơ sở dữ liệu,Database Management Systems,CN,3,1,KHOA_HTTT,closed,
IS104,Cơ sở dữ liệu phân tán,Distributed Databases,CN,3,1,KHOA_HTTT,closed,
IS105,Hệ quản trị cơ sở dữ liệu Oracle,Oracle database management system,CN,3,1,KHOA_HTTT,open,
IS106,Khai thác dữ liệu,Data Mining,CN,3,1,KHOA_HTTT,closed,
IS107,Hệ thống thông tin kế toán,Accounting Information Systems,CN,5,0,KHOA_HTTT,closed,
IS201,Phân tích thiết kế hệ thống thông tin,Information system analysis and design,CSN,3,1,KHOA_HTTT,open,
IS202,Nhập môn công nghệ phần mềm,Software engineering,CN,3,1,KHOA_HTTT,closed,
IS203,Lập trình cơ sở dữ liệu,Database programming,CN,3,1,KHOA_HTTT,closed,
IS204,Nhập môn hệ thống thông tin địa lý,Introduction to Geographic Information Systems,CN,3,1,KHOA_HTTT,closed,
IS205,PTTK hướng đối tượng với UML,Object-oriented Analysis and Design with UML,CN,3,1,KHOA_HTTT,closed,
IS206,Lập trình ứng dụng Web với Java,Web application programming in Java,CN,3,1,KHOA_HTTT,closed,
IS207,Phát triển ứng dụng web,Web application development,CN,3,1,KHOA_HTTT,open,
IS208,Quản lý dự án công nghệ thông tin,Information-technology project management,CSN,3,1,KHOA_HTTT,open,
IS210,Hệ quản trị cơ sở dữ liệu,Database management systems,CSN,3,1,KHOA_HTTT,open,
IS211,Cơ sở dữ liệu phân tán,Distributed databases,CN,3,1,KHOA_HTTT,open,
IS212,Thực tập tốt nghiệp,Internship,TTTN,3,0,KHOA_HTTT,open,
IS213,Đồ án xây dựng một hệ thống thông tin,Information system development,ĐA,3,0,KHOA_HTTT,closed,
IS214,Thiết kế cơ sở dữ liệu,Database design,CN,3,1,KHOA_HTTT,closed,
IS215,Thiết kế hướng đối tượng với UML,Object-oriented analysis and design with UML,CSN,3,1,KHOA_HTTT,open,
IS216,Lập trình Java,Programming with Java,CSN,3,1,KHOA_HTTT,open,
IS217,Kho dữ liệu và OLAP,Data warehouse and OLAP,CN,3,0,KHOA_HTTT,open,
IS218,Kỹ năng tư vấn,Kỹ năng tư vấn,CNTC,2,0,KHOA_HTTT,closed,
IS219,Pháp luật trong Thương mại điện tử,Pháp luật trong Thương mại điện tử,CNTC,3,0,KHOA_HTTT,closed,
IS220,Xây dựng HTTT trên các framework,.Net Technology,CN,3,1,KHOA_HTTT,open,
IS225,Khai thác dữ liệu và ứng dụng,Data mining and applications,CN,4,0,,closed,
IS232,Hệ thống thông tin kế toán,Accounting information systems,CN,4,0,KHOA_HTTT,open,
IS251,Nhập môn Hệ thống thông tin địa lý,Introduction to geographic information systems,CN,3,1,KHOA_HTTT,open,
IS252,Khai thác dữ liệu,Data mining,CN,3,1,KHOA_HTTT,open,
IS253,Lập trình ứng dụng trên thiết bị di động,Mobile application programming,CN,2,1,KHOA_HTTT,closed,
IS254,Hệ hỗ trợ quyết định,Decision Support System,CN,3,0,KHOA_HTTT,open,
IS301,Thương mại điện tử,E-commerce,CN,3,0,KHOA_HTTT,closed,
IS302,Phân tích không gian,Spatial analysis,CN,3,1,KHOA_HTTT,closed,
IS303,Hệ cơ sở dữ liệu không gian,Spatial Database Systems,CN,3,1,KHOA_HTTT,closed,
IS3033,Quản lý dự án hệ thống thông tin,IS-Project Management,CN,4,0,KHOA_HTTT,closed,
IS304,Kho dữ liệu và OLAP,Data warehouse and OLAP,CN,3,1,KHOA_HTTT,closed,
IS305,An toàn và bảo mật HTTT,Information systems security & protection,CN,3,0,KHOA_HTTT,closed,
IS306,Hệ thống thông tin quản lý,Accounting information systems,CN,3,0,KHOA_HTTT,closed,
IS311,Đồ án xây dựng hệ thống thông tin,Information system development,ĐA,3,0,KHOA_HTTT,open,
IS3303,Phân tích thiết kế hệ thống,System Analysis and Design,CN,4,0,KHOA_HTTT,closed,
IS332,Hệ thống thông tin quản lý,Management information systems,CN,3,0,KHOA_HTTT,open,
IS334,Thương mại điện tử,E-commerce,CN,3,0,KHOA_HTTT,open,
IS335,An toàn và bảo mật hệ thống thông tin,Information systems security,CN,3,0,KHOA_HTTT,open,
IS336,Hoạch định nguồn lực doanh nghiệp,Enterprise resource planning,CSN,3,1,KHOA_HTTT,open,
IS337,Cơ sở dữ liệu nâng cao,Advanced databases,CN,3,1,KHOA_HTTT,closed,
IS338,Dự báo kinh doanh,Markets analysis,CN,3,0,KHOA_HTTT,closed,
IS339,Sinh tin học,Bioinformatics,CNTC,3,0,KHOA_HTTT,open,
IS340,Thị trường chứng khoán,Thị trường chứng khoán,CNTC,3,0,KHOA_HTTT,open,
IS341,Khởi nghiệp,Khởi nghiệp,CNTC,3,0,KHOA_HTTT,open,
IS342,Chính phủ điện tử,Chính phủ điện tử,CNTC,3,0,KHOA_HTTT,open,
IS343,Luật CNTT,Luật CNTT,CNTC,3,0,KHOA_HTTT,closed,
IS344,Quản trị nguồn lực y tế,Healthcare Resource Management,CN,2,1,KHOA_HTTT,open,
IS345,AI trong y tế,AI in healthcare,CN,3,0,KHOA_HTTT,open,
IS346,Quản lý dự án công nghệ thông tin y tế,Healthcare Information Technology Project Management,CN,2,1,KHOA_HTTT,open,
IS347,Thống kê y học,Medical Statistics,CN,3,0,KHOA_HTTT,open,
IS348,Dịch tễ học,Epidemiology,CN,2,1,KHOA_HTTT,open,
IS349,Hệ thống y tế,Health system,CN,3,0,KHOA_HTTT,open,
IS351,Phân tích không gian,Spatial analysis,CN,3,1,KHOA_HTTT,open,
IS352,Hệ cơ sở dữ liệu không gian,Spatial database systems,CN,3,1,KHOA_HTTT,open,
IS353,Mạng xã hội,Social networks,CĐTN,3,0,KHOA_HTTT,open,
IS354,Công nghệ tài chính căn bản Fintech,Introduction to financial technology,CN,3,0,KHOA_HTTT,open,
IS355,Công nghệ Blockchain,Blockchain Technology,CN,3,1,KHOA_HTTT,open,
IS356,Agile IT với DevOps,,CN,3,0,KHOA_HTTT,open,
IS357,Kiến trúc hướng dịch vụ,Service Oriented Architecture,CN,3,0,KHOA_HTTT,open,
IS358,Kiểm soát nhiễm khuẩn bệnh viện,Hospital Infection control,CN,3,0,KHOA_HTTT,open,
IS360,Quản lý chăm sóc và điều trị,Care management and treatment,CN,3,0,KHOA_HTTT,open,
IS361,Quản lý chuỗi cung ứng dược và thiết bị y tế,Supply management of drug and medical equipments,CN,3,0,KHOA_HTTT,open,
IS362,Quản trị tài chính và bảo hiểm y tế,Hospital Financial Management and Health Insurance,CN,3,0,KHOA_HTTT,open,
IS363,Pháp luật trong lĩnh vực y tế,Law on Health and Medical,CN,2,0,KHOA_HTTT,open,
IS364,Mã tiêu chuẩn dùng chung trong y tế,Medical Coding,CN,3,0,KHOA_HTTT,open,
IS401,Khóa luận tốt nghiệp,Thesis,KLTN,10,0,KHOA_HTTT,open,
IS4013,"Thiết kế, quản lý và quản trị hệ CSDL","DBM design, management & administration",CN,3,0,KHOA_HTTT,closed,
IS402,Điện toán đám mây,Cloud computing,CĐTN,3,0,KHOA_HTTT,open,
IS403,Phân tích dữ liệu kinh doanh,Data analysis in business,CN,3,0,KHOA_HTTT,open,
IS404,Kho dữ liệu và OLAP,Data Warehouse and OLAP,CĐTN,3,1,KHOA_HTTT,closed,
IS405,Dữ liệu lớn,Big data,CĐTN,3,1,KHOA_HTTT,open,
IS406,Điện toán đám mây và xử lý dữ liệu lớn,Cloud Computing and Big data,CN,3,0,KHOA_HTTT,open,
IS407,Đồ án tốt nghiệp,Capstone Project,CN,6,0,KHOA_HTTT,open,
IS4133,Công nghệ thông tin cho thương mại điện tử,Information Technologies for e-commerce,CN,3,0,KHOA_HTTT,closed,
IS4263,Các ứng dụng thông minh và hỗ trợ ra quyết định,Decision Support and Busi.Intelligence Applications,CN,3,0,KHOA_HTTT,closed,
IS4523,Hệ truyền thông dữ liệu,Data Communication Systems,CN,3,0,KHOA_HTTT,closed,
IS501,Thực tập cuối khóa,Internship,TTTN,3,0,KHOA_HTTT,closed,
IS502,Thực tập doanh nghiệp,Internship,TTTN,2,0,KHOA_HTTT,open,
IS503,Đồ án tốt nghiệp tại doanh nghiệp,Industry Capstone Project,CN,10,0,KHOA_HTTT,open,
IS505,Khóa luận tốt nghiệp,Thesis,KLTN,10,0,KHOA_HTTT,open,
IS5100,Thực tập cuối khóa,Internship,TT,4,0,KHOA_HTTT,closed,
IS6301,"Phân tích thiết kế
                            hệ thống thông tin nâng cao",Advanced Information system analysis and design,CN,4,3,KHOA_HTTT,open,
IT001,Nhập môn lập trình,Introduction to programming,ĐC,3,1,KHOA_KHMT,open,
IT002,Lập trình hướng đối tượng,Object-oriented programming,CSNN,3,1,KHOA_CNPM,open,
IT003,Cấu trúc dữ liệu và giải thuật,Data structures and algorithms,CSNN,3,1,KHOA_KHMT,open,
IT004,Cơ sở dữ liệu,Databases,CSNN,3,1,KHOA_HTTT,open,
IT005,Nhập môn mạng máy tính,Introduction to computer networks,CSNN,3,1,KHOA_MMT&TT,open,
IT006,Kiến trúc máy tính,Computer architecture,CSNN,3,0,KHOA_KTMT,open,
IT007,Hệ điều hành,Operating systems,CSNN,3,1,KHOA_KTMT,open,
IT008,Lập trình trực quan,Visual programming,CN,3,1,KHOA_CNPM,open,
IT009,Giới thiệu ngành,Introduction to IT disciplines,CSNN,2,0,KHOA_PĐTĐH,open,
IT010,Tổ chức và cấu trúc máy tính,Computer Organization and Architecture,CSN,2,0,KHOA_KTMT,open,
IT011,Nhập môn lập trình thi đấu,Introduction to Competitive Programming,ĐC,3,1,KHOA_KHMT,open,
IT012,Tổ chức và Cấu trúc Máy tính II,Computer Structure and Organization II,CSNN,3,1,KHOA_KTMT,open,
IT013,Cấu trúc dữ liệu cho lập trình thi đấu,Data structures and Algorithms for Competitive Programming,ĐC,3,1,KHOA_KHMT,open,
ITEM1,Nhập môn Quản trị doanh nghiệp,Initiation to Business Administration,ĐC,2,0,KHOA_PĐTĐH,closed,
ITEW1,Nhập môn công tác kỹ sư,Introduction to Tasks of an Engineer,ĐC,2,0,KHOA_TTNN,closed,
ITNT005,Communication,Communication,BT,0,0,KHOA_HTTT,open,
JAN01,Tiếng Nhật 1,Japanese 01,NN,2,3,KHOA_PĐTĐH,open,
JAN02,Tiếng Nhật 2,Japanese 02,NN,2,3,KHOA_PĐTĐH,open,JAN01
JAN03,Tiếng Nhật 3,Japanese 03,NN,2,3,KHOA_PĐTĐH,open,JAN02
JAN04,Tiếng Nhật 4,Japanese 04,NN,2,3,KHOA_PĐTĐH,open,JAN03
JAN05,Tiếng Nhật 5,Japanese 05,NN,2,3,KHOA_PĐTĐH,open,JAN04
JAN06,Tiếng Nhật 6,Japanese 06,NN,1,2,KHOA_PĐTĐH,open,JAN05
JAN07,Tiếng Nhật 7,Japanese 07,NN,1,2,KHOA_PĐTĐH,open,JAN06
JAN08,Tiếng Nhật 8,Japanese 08,NN,1,2,KHOA_PĐTĐH,open,JAN07
JANHU,Tiếng Nhật miễn phí do Huredee tài trợ,Japanese language (sponsored by Huredee),ĐC,40,0,KHOA_P.ĐTĐH,open,
LIA01,Đại số tuyến tính,Linear Algebra,ĐC,3,0,KHOA_BMTL,closed,
LIA11,Đại số tuyến tính,Linear Algebra,ĐC,3,0,KHOA_BMTL,closed,
MA001,Giải tích 1,Calculus 1,ĐC,3,0,KHOA_BMTL,closed,
MA002,Giải tích 2,Calculus 2,ĐC,3,0,KHOA_BMTL,closed,
MA003,Đại số tuyến tính,Linear algebra,ĐC,3,0,KHOA_BMTL,open,
MA004,Cấu trúc rời rạc,Discrete structures,ĐC,4,0,KHOA_BMTL,open,
MA005,Xác suất thống kê,Probability and statistics,ĐC,3,0,KHOA_BMTL,open,
MA006,Giải tích,Calculus,ĐC,4,0,KHOA_BMTL,open,
MAT01,Toán cao cấp A1,Advanced mathematics A1,ĐC,3,0,KHOA_BMTL,closed,
MAT02,Toán cao cấp A2,Advanced mathematics A2,ĐC,4,0,KHOA_BMTL,closed,
MAT04,Cấu trúc rời rạc,Discrete Structures,ĐC,4,0,KHOA_BMTL,closed,
MAT11,Giải tích 1,Calculus 1,ĐC,4,0,KHOA_BMTL,closed,
MAT12,Giải tích 2,Calculus 2,ĐC,3,0,KHOA_BMTL,closed,
MAT14,Toán rời rạc cho máy tính,Discrete mathematics for computer,ĐC,3,0,KHOA_BMTL,closed,
MAT21,Toán cao cấp A1 (TE),Advanced Mathematics A1,ĐC,4,0,KHOA_BMTL,closed,
MAT22,Toán cao cấp A2 (TE),Advanced Mathematics A2,ĐC,4,0,KHOA_BMTL,closed,
MAT23,Đại số tuyến tính,Linear Algebra,ĐC,4,0,KHOA_BMTL,closed,
MAT24,Cấu trúc rời rạc (TE),Discrete structures,ĐC,4,0,KHOA_BMTL,closed,
MATH2144,Giải tích I,Calculus I,ĐC,4,0,KHOA_HTTT,open,
MATH2153,Giải tích II,Calculus 2,ĐC,3,0,KHOA_HTTT,open,
MATH2154,Giải tích,Calculus,ĐC,4,0,KHOA_HTTT,open,
MATH3013,Đại số tuyến tính,Linear Algebra,ĐC,3,0,KHOA_HTTT,open,
ME001,Giáo dục quốc phòng,Military education,ĐC,0,0,KHOA_P.ĐTĐH,open,
MEDU1,Giáo dục quốc phòng,Military Education,QP,0,0,KHOA_GDQP,closed,
MKTG4223,Quản trị chuỗi cung ứng,Supply Chain Management,CN,3,0,KHOA_HTTT,open,
MKTG5883,Khai phá dữ liệu và ứng dụng,Advanced Data Mining Applications,CN,3,1,KHOA_HTTT,open,
MLPE1,Kinh tế chính trị Mác-Lênin (TE),Marxism–Leninism political economy,ĐC,5,0,KHOA_P.ĐTĐH,closed,
MLPE2,Kinh tế chính trị Mác-Lênin (TE1),Marxism–Leninism political economy,ĐC,4,0,KHOA_P.ĐTĐH,closed,
MM001,Kỹ năng truyền thông cho người làm CNTT,Communication Skills for IT Professionals,CN,2,1,KHOA_PĐTĐH,open,
MM002,Truyền thông Kỹ thuật số,Digital Communication,CN,2,1,KHOA_PĐTĐH,open,
MM003,Quản trị sự kiện,Event Management,CN,2,1,KHOA_CNPM,open,
MM004,Nguyên lý thiết kế đồ hoạ,Principles of Graphic Design,CN,0,2,KHOA_CNPM,open,
MM005,Nhập môn marketing,Introduction to marketing,ĐC,2,0,KHOA_CNPM,open,
MM006,Tâm lý học đại cương,Introduction to psychology,ĐC,2,0,KHOA_CNPM,open,
MM007,Tư duy sáng tạo và xu hướng thiết kế truyền thông,Creative Thinking and Media Design Trends,ĐC,2,0,KHOA_CNPM,open,
MM008,Kỹ năng truyền thông ứng dụng,Applied Communication Skills,ĐC,2,0,KHOA_CNPM,open,
MM101,Giới thiệu ngành Truyền thông đa phương tiện,Introduction to Multimedia,CSN,1,0,KHOA_CNPM,open,
MM102,Lý luận truyền thông đại chúng,Foundation of mass communication,CSN,3,0,KHOA_CNPM,open,
MM103,Cơ sở tạo hình và nguyên lý thị giác,Basics of form creation and visual principle,CSN,2,0,KHOA_CNPM,open,
MM104,Viết nội dung đa phương tiện,Multimedia content writing,CSN,3,0,KHOA_CNPM,open,
MM105,Nhập môn kỹ thuật sản xuất nội dung đa phương tiện,Introduction to multimedia production,CSN,2,1,KHOA_CNPM,open,
MM106,Thu thập và phân tích khám phá dữ liệu Truyền thông đa phương tiện,Data collection and exploratory analysis for multimedia,CSN,2,1,KHOA_CNPM,open,
MM107,Học máy ứng dụng trong Truyền thông đa phương tiện,Applied machine learning for multimedia,CSN,2,1,KHOA_CNPM,open,
MM108,Tiếp thị số,Digital marketting,CSN,2,1,KHOA_CNPM,open,
MM109,Thiết kế đồ họa,Graphic design principles,CSN,3,1,KHOA_CNPM,open,
MM110,Màu sắc và tâm lý thị giác trong thiết kế truyền thông,Color and visual perception psychology in media design,CSN,2,0,KHOA_CNPM,open,
MM201,Truyền thông và dư luận xã hội,Media and public discourse,CN,3,1,KHOA_CNPM,open,
MM202,Học sâu ứng dụng trong truyền thông đa phương tiện,Applied deep learning for multimedia,CN,3,1,KHOA_CNPM,open,
MM203,Xử lý ngôn ngữ tự nhiên cho truyền thông đa phương tiện,Natural Language Processing for multimedia,CN,3,1,KHOA_CNPM,open,
MM204,Xử lý ảnh số và video trong truyền thông đa phương tiện,Digital image and video processing for multimedia,CN,3,1,KHOA_CNPM,open,
MM205,Phân tích và hiểu nội dung đa phương thức,Multimodal data analysis and understanding,CĐTN,3,1,KHOA_CNPM,open,
MM206,Dữ liệu lớn ứng dụng trong truyền thông đa phương tiện,Big data applied in multimedia,CN,3,1,KHOA_CNPM,open,
MM207,Hệ thống khai phá dữ liệu mạng xã hội,Developing social network data mining system,CĐTN,3,1,KHOA_CNPM,open,
MM208,Thiết kế và sản xuất ấn phẩm,Publication design & production,CN,3,1,KHOA_CNPM,open,
MM209,Nghiệp vụ truyền thông và báo chí,Press communication profession,CN,3,1,KHOA_CNPM,open,
MM210,Kỹ thuật quay phim biên kịch và hậu kỳ,"Video recording, screen writing and post processing techniques",CĐTN,3,1,KHOA_CNPM,open,
MM211,Thực tế ảo và thực tế tăng cường,Virtual and Augmented Reality,CN,3,1,KHOA_CNPM,open,
MM212,Hoạt hình,Animation,CN,2,1,KHOA_CNPM,open,
MM213,Quản lý dự án truyền thông đa phương tiện,Multimedia project management,CĐTN,3,1,KHOA_CNPM,open,
MM214,Chiến lược phát triển thương hiệu,Brand Development Strategy,CN,3,0,KHOA_CNPM,open,
MM215,Quan hệ công chúng trong marketing,Public relation for marketing,CN,3,0,KHOA_CNPM,open,
MM216,Tối ưu hóa và tiếp thị trên công cụ tìm kiếm,Search engine optimization and marketing,CN,3,1,KHOA_CNPM,open,
MM217,Tiếp thị cho sản phẩm dịch vụ,Marketing for service products,CN,3,0,KHOA_CNPM,open,
MM218,Xây dựng kênh tiếp thị trực tuyến,Building online marketing channel,CN,3,0,KHOA_CNPM,open,
MM219,Quản trị mối quan hệ khách hàng định hướng dữ liệu,Data driven customer relationship management,CĐTN,3,1,KHOA_CNPM,open,
MM220,Phân tích dữ liệu truyền thông số,Digital media data analytics,CĐTN,3,1,KHOA_CNPM,open,
MM221,Chuyên đề các vấn đề hiện đại trong Truyền thông đa phương tiện,Seminar on modern topics in multimedia,CN,3,0,KHOA_CNPM,open,
MM222,An ninh thông tin trong truyền thông đa phương tiện,Information security in multimedia,CN,3,1,KHOA_CNPM,open,
MM301,Đồ án Truyền thông đa phương tiện,Multimedia projects,CN,0,2,KHOA_CNPM,open,
MM302,Thực tập,Internship,CN,0,2,KHOA_CNPM,open,
MM304,Khởi nghiệp ngành Truyền thông đa phương tiện,Startup in multimedia,CN,2,0,KHOA_CNPM,open,
MM504,Đồ án tốt nghiệp,Capstone Project,DATN,0,6,KHOA_CNPM,open,
MM505,Khóa luận tốt nghiệp,Graduation thesis,KLTN,0,10,KHOA_CNPM,open,
MM506,Đồ án tốt nghiệp tại doanh nghiệp,Insdustry capstone project,DATNDN,0,10,KHOA_CNPM,open,
MSIS207,Phát triển ứng dụng web,Web Applications Development,CN,3,1,KHOA_HTTT,open,
MSIS2433,Lập trình hướng đối tượng,Object Oriented Programming,CSN,3,0,KHOA_HTTT,open,
MSIS3033,Quản lý dự án hệ thống thông tin,Information systems project management,CSN,3,0,KHOA_HTTT,open,
MSIS3233,Management Science Methods,Management Science Methods,CN,3,0,KHOA_HTTT,open,
MSIS3242,Sofware Quality Management,Sofware Quality Management,CN,3,0,KHOA_HTTT,open,
MSIS3243,Managerial Decision Theory,Managerial Decision Theory,CN,3,0,KHOA_HTTT,open,
MSIS3303,Phân tích thiết kế hệ thống,System analysis and design,CN,3,1,KHOA_HTTT,open,
MSIS4013,"Thiết kế, quản lý và quản trị hệ CSDL","Database system design, management and administration",CN,3,0,KHOA_HTTT,open,
MSIS402,Điện toán đám mây,Cloud Computing,CN,3,0,KHOA_HTTT,open,
MSIS405,Dữ liệu lớn,Big data,CN,3,0,KHOA_HTTT,open,
MSIS406,Dữ liệu lớn trên nền điện toán đám mây,Big Data in Cloud Computing,CN,3,1,KHOA_HTTT,open,
MSIS4133,Công nghệ thông tin trong thương mại điện tử,Information Technologies for e-commerce,CN,3,0,KHOA_HTTT,open,
MSIS4243,Control and Audit of Information Systems,Control and Audit of Information Systems,CN,3,0,KHOA_HTTT,open,
MSIS4263,Các ứng dụng thông minh và hỗ trợ ra quyết định,Decision-support and intelligence applications,CN,3,0,KHOA_HTTT,open,
MSIS4363,Các chủ đề nâng cao trong phát triển hệ thống,Advanced topics in systems development,CNTC,3,0,KHOA_HTTT,closed,
MSIS4443,Các hệ thống mô phỏng trên máy tính,Computer based simulation systems,CN,3,0,KHOA_HTTT,open,
MSIS4523,Hệ truyền thông dữ liệu,Data communication systems,CN,3,0,KHOA_HTTT,open,
MSIS4800,Hệ thống thông tin tính toán,Accounting information system,CNTC,3,0,KHOA_HTTT,closed,
MSIS4801,Quản lý thông tin địa lý,Geospatial information management,CNTC,3,1,KHOA_HTTT,closed,
MSIS5723,Phân tích thiết kế hệ thống thông tin,System Analysis and Design,CN,3,1,KHOA_HTTT,open,
NHJP1,Tiếng Nhật Sơ cấp 1,Japanese for beginners 1,BT,0,0,KHOA_PĐTĐH,open,
NHJP2,Tiếng Nhật Sơ cấp 2,Japanese for beginners 2,BT,0,0,KHOA_PĐTĐH,open,
NNH050,Ngôn ngữ quảng cáo,The language of advertising,CN,2,0,KHOA_PĐTĐH,open,
NT005,Giới thiệu ngành Mạng máy tính và Truyền thông dữ liệu,Introduction to IT programs Computer Networks and Data communications,ĐC,1,0,KHOA_MMT&TT,open,
NT015,Giới thiệu ngành An toàn Thông tin,Introduction to Information Security programs,ĐC,1,0,KHOA_MMT&TT,open,
NT101,An toàn mạng máy tính,Network security,CSN,3,1,KHOA_MMT&TT,open,
NT102,Điện tử cho công nghệ thông tin,Electronics for information technology,CSN,3,1,KHOA_MMT&TT,closed,
NT103,Hệ điều hành Linux,Linux operating systems,CNTC,3,1,KHOA_MMT&TT,open,
NT104,Lý thuyết thông tin,Information theory,CSN,3,0,KHOA_MMT&TT,open,
NT105,Truyền dữ liệu,Data communications,CSN,3,1,KHOA_MMT&TT,open,
NT106,Lập trình mạng căn bản,Basic network programming,CSN,2,1,KHOA_MMT&TT,open,
NT107,Xử lý tín hiệu trong truyển thông,Signal Processing for Communications,CN,3,1,KHOA_MMT&TT,closed,
NT108,Mạng truyền thông và di động,Communication and mobile networks,CN,3,0,KHOA_MMT&TT,closed,
NT109,Lập trình ứng dụng mạng,Network-application programming,CSN,2,1,KHOA_MMT&TT,open,
NT110,Tín hiệu và mạch,Signals and circuits,CN,3,0,KHOA_MMT&TT,closed,
NT111,Thiết bị mạng và truyền thông ĐPT,Network appliances and multimedia communications,CNTC,3,1,KHOA_MMT&TT,open,
NT112,Công nghệ mạng viễn thông,Communications technology,CN,2,1,KHOA_MMT&TT,closed,
NT113,Thiết kế Mạng,Network design,CSN,2,1,KHOA_MMT&TT,open,
NT114,Đồ án chuyên ngành,Specialized project,ĐA,0,2,KHOA_MMT&TT,open,
NT115,Thực tập doanh nghiệp,Internship,TTTN,3,0,KHOA_MMT&TT,open,
NT116,Kỹ năng mềm,Soft skills,CN,0,2,KHOA_MMT&TT,closed,
NT117,Đồ án môn học Lập trình ứng dụng Mạng,Network-based application programming project,ĐA,0,2,KHOA_MMT&TT,open,
NT118,Phát triển ứng dụng trên thiết bị di động,Mobile application development,CSN,2,1,KHOA_MMT&TT,open,
NT119,Mật mã học,Cryptography,CSN,3,1,KHOA_MMT&TT,closed,
NT121,Thiết bị mạng và truyền thông ĐPT,Network appliances and multimedia communications,CĐTN,2,1,KHOA_MMT&TT,open,
NT130,Cơ chế hoạt động của mã độc,Malware modus operandi,CSN,3,1,KHOA_MMT&TT,closed,
NT131,Hệ thống nhúng Mạng không dây,Wireless Embedded Network Systems,CSN,3,1,KHOA_MMT&TT,open,
NT132,Quản trị mạng và hệ thống,Networks and Systems Administration,CSN,3,1,KHOA_MMT&TT,open,
NT133,An toàn kiến trúc hệ thống,System Architecture Security,CN,2,1,KHOA_MMT&TT,open,
NT137,Kỹ thuật phân tích mã độc,Malware analysis techniques,CN,2,1,KHOA_MMT&TT,open,
NT140,An toàn mạng,Network security,CN,3,1,KHOA_MMT&TT,open,
NT201,Phân tích thiết kế hệ thống truyền thông và mạng,System analysis and design,CNTC,3,0,KHOA_MMT&TT,open,
NT202,Đồ án môn Lập trình ứng dụng mạng,Project on Nerwork-Application Programming,ĐA,0,2,KHOA_MMT&TT,closed,
NT203,Đồ án chuyên ngành,Specialized Project,ĐA,0,2,KHOA_MMT&TT,closed,
NT204,"Hệ thống tìm kiếm, phát hiện và ngăn ngừa xâm nhập",Intrusion detection and prevention system,CN,2,1,KHOA_MMT&TT,open,
NT205,Tấn công mạng,Network offences,CNTC,2,1,KHOA_MMT&TT,open,
NT206,Quản trị hệ thống mạng,Computer network administration,CN,2,1,KHOA_MMT&TT,closed,
NT207,Quản lý rủi ro và an toàn thông tin trong doanh nghiệp,Risk management and information security in enterprise,CN,2,1,KHOA_MMT&TT,open,
NT208,Lập trình ứng dụng Web,Web-Based Application Development,CNTC,2,1,KHOA_MMT&TT,open,
NT209,Lập trình hệ thống,Computer System programming,CSN,2,1,KHOA_MMT&TT,open,
NT210,Thương mại Điện tử và Triển khai ứng dụng,E-commerce and applications,CĐTN,2,1,KHOA_MMT&TT,open,
NT211,"An ninh nhân sự, định danh và chứng thực","Identification, authentication and privacy security (personal information protection)",CNTC,2,1,KHOA_MMT&TT,open,
NT212,"An toàn dữ liệu, khôi phục thông tin sau sự cố",Data integrity and disaster recovery,CNTC,2,1,KHOA_MMT&TT,open,
NT213,Bảo mật web và ứng dụng,Web and application security,CN,2,1,KHOA_MMT&TT,open,
NT215,Thực tập doanh nghiệp,Internship,TTTN,2,0,KHOA_MMT&TT,open,
NT216,Bảo mật hệ thống dữ liệu,Data System Security,CNTC,2,1,KHOA_MMT&TT,open,
NT219,Mật mã học,Cryptography,CN,2,1,KHOA_MMT&TT,open,
NT230,Cơ chế hoạt động của mã độc,Malware modus operandi,CSN,2,1,KHOA_MMT&TT,open,
NT301,Quản trị hệ thống mạng,Computer network administration,CN,2,1,KHOA_MMT&TT,closed,
NT302,Xây dựng chuẩn chính sách an toàn thông tin trong doanh nghiệp,Enterprise information security policy,CN,2,1,KHOA_MMT&TT,closed,
NT303,Công nghệ thoại IP,VoIP technology,CN,2,1,KHOA_MMT&TT,open,
NT304,Ứng dụng truyền thông và an ninh thông tin,Applications of communications and information security,CN,2,1,KHOA_MMT&TT,closed,
NT305,Phát triển ứng dụng trên thiết bị di động,Mobile Application Development,CN,2,1,KHOA_MMT&TT,closed,
NT306,Kỹ thuật lập trình mạng trên Linux,Network programming techniques on Linux,CN,3,0,KHOA_MMT&TT,closed,
NT307,Xây dựng ứng dụng web,Web application development,CN,2,1,KHOA_MMT&TT,closed,
NT309,Lập trình trên Linux,Programming on Linux,CN,2,1,KHOA_MMT&TT,closed,
NT310,Pháp chứng mạng di động,Digital forensics,CNTC,2,1,KHOA_MMT&TT,open,
NT311,Công nghệ tường lửa và bảo vệ mạng ngoại vi,Firewall technology and perimeter protection,CNTC,2,1,KHOA_MMT&TT,open,
NT312,Bảo mật với smartcard và NFC,Smart card and NFC security,CNTC,2,1,KHOA_MMT&TT,open,
NT320,Công nghệ vệ tinh,Satelite technology,CN,3,0,KHOA_MMT&TT,closed,
NT321,"Hệ thống tìm kiếm, phát hiện và ngăn ngừa xâm nhập",Intrusion Detection and Prevention System,CN,2,1,KHOA_MMT&TT,closed,
NT330,An toàn mạng không dây và di động,Wireless network and mobile security,CN,2,1,KHOA_MMT&TT,open,
NT331,Xây dựng chuẩn chính sách an toàn thông tin trong doanh nghiệp,Enterprise information security policy,CN,2,1,KHOA_MMT&TT,open,
NT332,Xử lý tín hiệu trong truyền thông,Signal processing in communications,CĐTN,3,1,KHOA_MMT&TT,open,
NT333,Tính toán lưới,Net computing,CNTC,2,1,KHOA_MMT&TT,open,
NT334,Pháp chứng kỹ thuật số,Digital forensics,CN,2,1,KHOA_MMT&TT,open,
NT395,Phát triển ứng dụng trên thiết bị di động,Mobile application development,CN,2,1,KHOA_MMT&TT,closed,
NT401,An toàn mạng nâng cao,Advanced network security,CN,2,1,KHOA_MMT&TT,closed,
NT402,Công nghệ mạng viễn thông,Communications technology,CN,2,1,KHOA_MMT&TT,open,
NT403,Tính toán lưới,Net Computing,CN,2,1,KHOA_MMT&TT,closed,
NT404,Khóa luận tốt nghiệp,Thesis,KLTN,10,0,KHOA_MMT&TT,closed,
NT405,Bảo mật Internet,Cyber Security,CĐTN,2,1,KHOA_MMT&TT,open,
NT406,Đồ án tốt nghiệp,Graduation Project,CĐTN,4,0,KHOA_MMT&TT,open,
NT407,Pháp chứng kỹ thuật số,Digital Forensics,CN,2,1,KHOA_MMT&TT,closed,
NT408,Bảo mật trên Internet,Cyber security,CN,3,1,KHOA_MMT&TT,closed,
NT501,Thực tập doanh nghiệp,Internship,TTTN,3,0,KHOA_MMT&TT,closed,
NT502,Thương mại Điện tử và Triển khai ứng dụng,E-commerce and applications,CĐTN,2,1,KHOA_MMT&TT,closed,
NT503,Bảo mật Internet,Cyber security,CĐTN,2,1,KHOA_MMT&TT,closed,
NT504,Tiểu luận tốt nghiệp,Graduation project,CĐTN,4,0,KHOA_MMT&TT,open,
NT505,Khóa luận tốt nghiệp,Thesis,KLTN,10,0,KHOA_MMT&TT,open,
NT506,Đồ án tốt nghiệp tại doanh nghiệp,Industry Capstone Project,TN,10,0,KHOA_MMT,open,
NT507,Xây dựng ứng dụng web,Web application development,CĐTN,2,1,KHOA_MMT&TT,closed,
NT508,Đồ án tốt nghiệp,Capstone Project,TN,6,0,KHOA_MMT,open,
NT509,Hệ thống đa tác tử di động thông minh,Intelligent mobile multi-agent systems,CĐTN,2,1,KHOA_MMT&TT,closed,
NT521,Lập trình an toàn và khai thác lỗ hổng phần mềm,Secure Programming and Exploiting Vulnerabilities,CNTC,3,1,KHOA_MMT&TT,open,
NT522,Phương pháp học máy trong an toàn thông tin,Machine learning for information security,CNTC,2,1,KHOA_MMT&TT,open,
NT523,An toàn thông tin trong kỷ nguyên máy tính lượng tử,Cyber Security in the Quantum Era,CNTC,2,1,KHOA_MMT&TT,open,
NT524,Kiến trúc và Bảo mật Điện toán Đám mây,Cloud Architecture and Security,CN,3,1,KHOA_MMT&TT,open,
NT531,Đánh giá hiệu năng hệ thống mạng máy tính,Modeling and performance evaluation of network and computer systems,CN,2,1,KHOA_MMT&TT,open,
NT532,Công nghệ Internet of things hiện đại,Advanced Internet of Things Technologies,CNTC,2,1,KHOA_MMT&TT,open,
NT533,Hệ tính toán phân bố,Distributed computing system,CN,2,1,KHOA_MMT&TT,open,
NT534,An toàn mạng máy tính nâng cao,Advanced security network,CSN,2,1,KHOA_MMT&TT,open,
NT535,Bảo mật Internet of things,Security and Privacy in Internet of Things,CNTC,2,1,KHOA_MMT&TT,open,
NT536,Công nghệ truyền thông đa phương tiện,Multimedia Communication Technologies,CN,2,1,KHOA_MMT&TT,open,
NT537,Truyền thông xã hội và kinh doanh,Social Media and Business Practices,CN,3,0,KHOA_MMT&TT,open,
NT538,Giải thuật xử lý song song và phân bố,Algorithms in parallel and distributed computing,CN,2,1,KHOA_MMT&TT,open,
NT539,AI ứng dụng trong mạng và truyền thông,Artificial Intelligence for Networking and Communications,TN,3,1,KHOA_MMT&TT,open,
NT540,Mạng không dây thế hệ mới,Next-generation wireless networks,CN,2,1,KHOA_MMT&TT,open,
NT541,Công nghệ mạng khả lập trình,Reprogramming network technologies,CN,3,1,KHOA_MMT&TT,open,
NT542,Lập trình kịch bản tự động hóa cho quản trị và bảo mật mạng,"Scripting for Administration, Automation and Security",CN,2,1,KHOA_MMT&TT,open,
NT543,Tín hiệu và hệ thống thông tin,Signal and Communication System,CN,2,1,KHOA_MMT&TT,open,
NT544,Ăng ten và truyền thông vô tuyến,Antena and telecommunication,CN,3,1,KHOA_MMT&TT,open,
NT545,Thiết kế hệ thống viễn thông,Fundamental techniques in Telecomunication System Design,CN,2,1,KHOA_MMT&TT,open,
NT546,Thiết kế và triển khai mạng tốc độ cao,Design and implementation high-speed networks,CN,2,1,KHOA_MMT&TT,open,
NT547,"Blockchain: Nền tảng, ứng dụng và bảo mật","Blockchain: Fundamentals, Applications and Security",CN,2,1,KHOA_MMT&TT,open,
NT548,Công nghệ DevOps và ứng dụng,DevOps technology and its applications,CĐTN,3,1,KHOA_MMT&TT,open,
NT549,Học máy tăng cường cho các hệ thống mạng,Reinforcement Learning for Networked Systems,CN,3,1,KHOA_MMT&TT,open,
OOPT1,Lập trình hướng đối tượng,Object-Oriented Programming,ĐC,3,1,KHOA_CNPM,closed,
OOPT2,Lập trình hướng đối tượng,Object-oriented programming,CSNN,4,1,KHOA_CNPM,closed,
OSYS1,Hệ điều hành,Operating Systems,ĐC,3,0,KHOA_MMT&TT,closed,
OSYS2,Hệ điều hành,Operating systems,ĐC,3,0,KHOA_MMT&TT,closed,
PE001,Giáo dục thể chất 1,Physical education 1,TC,0,0,KHOA_PĐTĐH,closed,
PE002,Giáo dục thể chất 2,Physical education 2,TC,0,0,KHOA_PĐTĐH,closed,
PE003,Giáo dục thể chất 3,Physical education 3,TC,0,0,KHOA_TTNN,closed,
PE012,Giáo dục thể chất,Physical education,TC,0,0,KHOA_PĐTĐH,closed,
PE231,Giáo dục thể chất 1,Physical education 1,TC,0,0,KHOA_PĐTĐH,open,
PE232,Giáo dục thể chất 2,Physical education 2,TC,0,0,KHOA_PĐTĐH,open,
PEDU1,Giáo dục thể chất 1,Physical Education 1,TC,0,0,KHOA_GDTC,closed,
PEDU2,Giáo dục thể chất 2,Physical Education 2,TC,0,0,KHOA_PĐTĐH,closed,
PH001,Nhập môn điện tử,Introduction to electrical engineering,ĐC,3,0,KHOA_BMTL,open,
PH002,Nhập môn mạch số,Introduction to digital circuit,ĐC,3,1,KHOA_KTMT,open,
PH003,Vật lý kỹ thuật,Technical physics,ĐC,4,0,KHOA_BMTL,closed,
PHIL1,Những NLCB của chủ nghĩa Mác-Lênin,Fundamental Principles of Marxism-Leninism,ĐC,5,0,KHOA_BMAV,closed,
PHIL2,Triết học Mác-Lênin,Marxist-Leninist philosophy,ĐC,5,0,KHOA_P.ĐTĐH,closed,
PHY01,Vật lý đại cương A1,General physics A1,ĐC,3,0,KHOA_BMTL,closed,
PHY02,Vật lý đại cương A2,General physics A2,ĐC,3,0,KHOA_BMTL,closed,
PHY03,Vật lý đại cương A3,General physics A3,ĐC,2,0,KHOA_BMTL,closed,
PHY11,General Physics 1,General Physics 1,ĐC,4,0,KHOA_BMTL,closed,
PHY12,General Physics 2,General Physics 2,ĐC,4,0,KHOA_BMTL,closed,
PHY22,Vật lý đại cương A2 (TE1),General physics A2,ĐC,4,0,KHOA_BMTL,closed,
PHYS1114,Vật lý đại cương I,General physics 1,ĐC,4,0,KHOA_HTTT,open,
PHYS1214,Vật lý đại cương II,General physics 2,ĐC,4,0,KHOA_HTTT,open,
PHYS1215,Vật lý đại cương,General Physics,ĐC,3,0,KHOA_HTTT,open,
QTE111,Văn hóa giao tiếp,Intercultural Communication,CN,2,0,KHOA_PĐTĐH,open,
SC203,Phương pháp khoa học,Scientific research methodology,CNTC,3,0,KHOA_HTTT,open,
SE005,Giới thiệu ngành Kỹ thuật Phần mềm,Introduction to Software Engineering,ĐC,1,0,KHOA_CNPM,open,
SE100,Phương pháp Phát triển phần mềm hướng đối tượng,Object-oriented software development methodology,CSN,3,1,KHOA_CNPM,open,
SE101,Phương pháp mô hình hóa,Modeling methods,CSN,3,0,KHOA_CNPM,open,
SE102,Nhập môn phát triển game,Introduction to game development,CSN,2,1,KHOA_CNPM,open,
SE103,Các phương pháp lập trình,Programming Paradigms,CN,2,1,KHOA_CNPM,closed,
SE104,Nhập môn Công nghệ phần mềm,Software engineering,CSN,3,1,KHOA_CNPM,open,
SE105,Lập trình nhúng căn bản,Embedded-system Programming,CN,2,1,KHOA_CNPM,closed,
SE106,Đặc tả hình thức,Formal specification,CSN,4,0,KHOA_CNPM,open,
SE107,Phân tích thiết kế hệ thống,System analysis and design,CN,3,1,KHOA_CNPM,closed,
SE108,Kiểm chứng phần mềm,Software testing,CSN,2,1,KHOA_CNPM,closed,
SE109,"Phát triển, vận hành, bảo trì phần mềm","Software development, deployment and maintenance",CSN,3,0,KHOA_CNPM,open,
SE110,Phương pháp Phát triển phần mềm hướng đối tượng,Phương pháp Phát triển phần mềm hướng đối tượng,CN,3,1,KHOA_CNPM,closed,
SE111,Đồ án mã nguồn mở,Open source project,CSN,2,0,KHOA_CNPM,open,
SE112,Đồ án chuyên ngành,Specialized project,CSN,2,0,KHOA_CNPM,open,
SE113,Kiểm chứng phần mềm,Software Testing,CNTC,3,1,KHOA_CNPM,open,
SE114,Nhập môn ứng dụng di động,Mobile Application Overview,CSN,2,1,KHOA_CNPM,open,
SE115,Phát triển game với Unity,Game Development with Unity,CSN,2,1,KHOA_CNPM,open,
SE116,Phát triển kỹ năng lập trình Game ứng dụng trong thực tế,Skill Development in Game Programming for Real Projects,CSN,3,1,KHOA_CNPM,open,
SE117,Kỹ thuật lập trình,Programming techniques,CN,3,1,KHOA_CNPM,open,
SE121,Đồ án 1,Major Project 1,CSN,2,0,KHOA_CNPM,open,
SE122,Đồ án 2,Major Project 2,CSN,2,0,KHOA_CNPM,open,
SE207,Phân tích thiết kế hệ thống,System Analysis and Design,CN,3,1,KHOA_CNPM,closed,
SE208,Kiểm chứng phần mềm,Software Testing,CN,2,1,KHOA_CNPM,closed,
SE209,"Phát triển, vận hành, bảo trì phần mềm","Software Development, Deployment and Maintenance",CN,3,0,KHOA_CNPM,closed,
SE210,Quản lý dự án công nghệ thông tin,Information-Technology Project Management,CN,3,1,KHOA_CNPM,closed,
SE211,Phát triển phần mềm hướng đối tượng,Object-oriented Software Development Methodology,CN,3,1,KHOA_CNPM,closed,
SE212,Phát triển phần mềm mã nguồn mở,Open-source Software Development,CN,2,1,KHOA_CNPM,closed,
SE213,Xử lý phân bố,Distributed Computing,CN,2,1,KHOA_CNPM,closed,
SE214,Công nghệ phần mềm chuyên sâu,Advanced software engineering,CN,3,1,KHOA_CNPM,open,
SE215,Giao tiếp người máy,Human-computer interaction,CN,3,1,KHOA_CNPM,open,
SE220,Thiết kế Game,Introduction to game design,CN,3,0,KHOA_CNPM,open,
SE221,Lập trình game nâng cao,Advanced game programming,CN,3,1,KHOA_CNPM,open,
SE301,Phát triển phần mềm mã nguồn mở,Open-source software development,CN,3,0,KHOA_CNPM,open,
SE310,Công nghệ .NET,.Net technology,CNTC,3,1,KHOA_CNPM,open,
SE311,Ngôn ngữ lập trình Java,Java Programming Language,CN,3,1,KHOA_CNPM,closed,
SE312,Công nghệ .NET,.Net Technology,CN,3,1,KHOA_CNPM,closed,
SE313,Một số thuật toán thông minh,Intelligent algorithms,CNTC,2,0,KHOA_CNPM,open,
SE314,Công nghệ game 3D,3D game technology,CN,2,1,KHOA_CNPM,open,
SE315,Công nghệ game online,Technology for Online Game Development,CN,3,1,KHOA_CNPM,open,
SE316,Phát triển Game đa nền tảng,Cross platform game development,CN,2,1,KHOA_CNPM,open,
SE317,Công nghệ tiên tiến trong phát triển game,Công nghệ tiên tiến trong phát triển game,CN,2,1,KHOA_CNPM,open,
SE320,Lập trình đồ họa 3 chiều với Direct3D,3D programming with Direct3D,CNTC,3,1,KHOA_CNPM,open,
SE321,Lập trình trên thiết bị di động,Mobile Device Application Development,CN,4,0,KHOA_CNPM,closed,
SE322,Công nghệ Web và ứng dụng,Web Technology and Applications,CN,2,0,KHOA_CNPM,closed,
SE323,Thiết kế Game,Introduction to game design,CN,4,0,KHOA_CNPM,closed,
SE324,Nhập môn lập trình 3D game,3D game engine design,CN,3,1,KHOA_CNPM,closed,
SE325,Chuyên đề J2EE,J2EE,CNTC,3,1,KHOA_CNPM,open,
SE326,Cơ sở dữ liệu nâng cao,Advanced Databases,CN,2,0,KHOA_CNPM,closed,
SE327,Phát triển và vận hành game,Games development,CNTC,3,0,KHOA_CNPM,open,
SE328,Lập trình TTNT trong Game,Artificial intelligence on game programming,CNTC,3,1,KHOA_CNPM,open,
SE329,Thiết kế 3D Game Engine,3D game engine design,CNTC,3,1,KHOA_CNPM,open,
SE330,Ngôn ngữ lập trình Java,Java programming language,CSN,3,1,KHOA_CNPM,open,
SE331,Chuyên đề E-commerce,E-commerce,CNTC,2,0,KHOA_CNPM,open,
SE332,Chuyên đề CSDL nâng cao,Advanced database,CN,2,0,KHOA_CNPM,open,
SE333,Chuyên đề E-Government,E-Government,CN,2,0,KHOA_CNPM,closed,
SE334,Các phương pháp lập trình,Programming paradigms,CN,2,1,KHOA_CNPM,open,
SE335,Công nghệ XML và ứng dụng,XML technology and applications,CN,3,1,KHOA_CNPM,closed,
SE336,Phương pháp luận sáng tạo KH-CN,Scientific methodology and innovation,CN,2,0,KHOA_CNPM,closed,
SE337,Các thuật toán thông minh,Intelligent Algorithms,CN,1,0,KHOA_CNPM,closed,
SE338,Logic mờ,Fuzzy logic,CN,2,0,KHOA_CNPM,closed,
SE339,Xử lý phân bổ,Distributed computing,CN,2,1,KHOA_CNPM,closed,
SE340,Quản lý dự án công nghệ thông tin,Information-technology project management,CN,3,1,KHOA_CNPM,closed,
SE341,Công nghệ Web và ứng dụng,Web technology and applications,CN,2,0,KHOA_CNPM,open,
SE342,Logic mờ,Fuzzy logic,CN,2,0,KHOA_CNPM,closed,
SE343,Công nghệ Portal,Portal technology,CNTC,3,0,KHOA_CNPM,open,
SE344,Lập trình game trong các thiết bị di động,Mobile game programming,CNTC,3,1,KHOA_CNPM,open,
SE345,Kỹ thuật lập trình nhúng,Embedded programming techniques,CN,3,1,KHOA_CNPM,closed,
SE346,Lập trình trên thiết bị di động,Mobile device application development,CN,3,1,KHOA_CNPM,open,
SE347,Công nghệ Web và ứng dụng,Web technology and applications,CNTC,3,1,KHOA_CNPM,open,
SE348,Chuyên đề M-commerce,M-commerce,ĐC,2,0,KHOA_CNPM,open,
SE349,Nhập môn Quản trị doanh nghiệp,Introduction to business administration,CN,2,0,KHOA_CNPM,closed,
SE350,Chuyên đề E-learning,E-learning,ĐC,2,0,KHOA_CNPM,open,
SE351,Xử lý song song,Parallel processing,CN,3,1,KHOA_CNPM,open,
SE352,Phát triển ứng dụng VR,VR App Development,CNTC,2,1,KHOA_CNPM,open,
SE354,Chuyên đề các quy trình phát triển phần mềm hiện đại,E-learning,CNTC,2,1,KHOA_CNPM,open,
SE355,Máy học và các công cụ,Machine learning and tools,CN,2,1,KHOA_CNPM,open,
SE356,Kiến trúc Phần mềm,Software Architecture,CNTC,3,1,KHOA_CNPM,open,
SE357,Kỹ thuật phân tích yêu cầu,Requirement Engineering,CNTC,2,1,KHOA_CNPM,open,
SE358,Quản lý dự án Phát triển Phần mềm,Software development project management,CN,3,1,KHOA_CNPM,open,
SE359,DevOps trong phát triển phần mềm,DevOps in Software Developing,CN,2,1,KHOA_CNPM,open,
SE360,Điện toán đám mây và phát triển ứng dụng hướng dịch vụ,Cloud Computing and Building Cloud-Native Applications,CSN,3,1,KHOA_CNPM,open,
SE361,Phát triển Phần mềm theo Kiến trúc Microservices,Microservices Software Development,CN,3,1,KHOA_CNPM,open,
SE362,An toàn phần mềm và hệ thống,Software and System Security,CN,3,1,KHOA_CNPM,open,
SE363,Phát triển ứng dụng trên nền tảng dữ liệu lớn,Application Development on Big Data Platforms,CN,3,1,KHOA_CNPM,open,
SE364,Thiết kế giao diện và trải nghiệm người dùng,UI/UX Design,CN,3,1,KHOA_CNPM,open,
SE365,Học sâu ứng dụng trong phát triển phần mềm,Applied Deep Learning in Software Engineering,CN,3,1,KHOA_CNPM,open,
SE400,Seminar các vấn đề hiện đại của CNPM,Seminar on modern software engineering,CĐTN,4,0,KHOA_CNPM,open,
SE401,Mẫu thiết kế,Software design pattern,CĐTN,3,0,KHOA_CNPM,open,
SE402,Điện toán đám mây,Cloud computing,CĐTN,2,0,KHOA_CNPM,closed,
SE403,Nguyên lý thiết kế thế giới ảo,Virtual-world design,CĐTN,4,0,KHOA_CNPM,open,
SE404,Chuyên đề E-Government,E-government,CĐTN,2,0,KHOA_CNPM,open,
SE405,Chuyên đề Mobile and Pervasive Computing,Mobile pervasive computing,CĐTN,3,0,KHOA_CNPM,open,
SE406,Mẫu thiết kế hướng đối tượng,Object Oriented Design Pattern,CĐTN,4,0,KHOA_CNPM,open,
SE407,Chuyên đề Pervasive and Mobile Computing,Pervasive Mobile Computing,CĐTN,4,0,KHOA_CNPM,open,
SE408,Phát triển game với Blockchain,Blockchain-based Game Development,CĐTN,3,1,KHOA_CNPM,open,
SE409,Phát triển dự án Game,Game Project Development,CN,3,1,KHOA_CNPM,open,
SE417,Đồ án môn học mã nguồn mở,Open Source Project,ĐA,2,0,KHOA_CNPM,open,
SE418,Đồ án môn học chuyên ngành,Specialized Project,ĐA,3,0,KHOA_CNPM,closed,
SE501,Thực tập tốt nghiệp,Internship,TTTN,2,0,KHOA_CNPM,open,
SE502,Thực tập,Internship,TN,2,0,KHOA_CNPM,open,
SE503,Đồ án,Major Project,CN,2,0,KHOA_CNPM,open,
SE505,Khóa luận tốt nghiệp,Thesis,KLTN,10,0,KHOA_CNPM,open,
SE506,Đồ án tốt nghiệp tại doanh nghiệp,Industry Capstone Project,KLTN,10,0,KHOA_CNPM,open,
SE507,Đồ án tốt nghiệp,Capstone Project,ĐA,6,0,KHOA_CNPM,open,
SMET1,Phương pháp NCKH trong tin học,Scientific Research Methodology in Informatics,ĐC,2,0,KHOA_PĐTĐH,closed,
SMET2,Phương pháp luận sáng tạo KH-CN,Scientific Method and Innovation,ĐC,2,0,KHOA_PĐTĐH,closed,
SOCI1,Chủ nghĩa xã hội khoa học,Scientific socialism,ĐC,3,0,KHOA_P.ĐTĐH,closed,
SP3724,Kỹ năng giao tiếp,Communication Skills,ĐC,3,0,KHOA_HTTT,closed,
SPCH2713,Kỹ năng giao tiếp,Introduction to Speech Communication,ĐC,2,0,KHOA_HTTT,open,
SPCH3723,Tiếng Anh chuyên ngành CNTT,English for computer science,ĐC,3,0,KHOA_HTTT,open,
SPCH3724,Kỹ năng giao tiếp,Communication skills,ĐC,3,0,KHOA_HTTT,open,
SS001,Những nguyên lý cơ bản của chủ nghĩa Mác Lênin,Fundamental principles of Marxism-Leninism,ĐC,5,0,KHOA_PĐTĐH,closed,
SS002,Đường lối cách mạng của Đảng CS Việt Nam,The revolutionary way of the communist party of Vietnam,ĐC,3,0,KHOA_PĐTĐH,closed,
SS003,Tư tưởng Hồ Chí Minh,Ho Chi Minh’s Thoughts,ĐC,2,0,KHOA_PĐTĐH,open,
SS004,Kỹ năng nghề nghiệp,Professional skills,ĐC,2,0,KHOA_PĐTĐH,open,
SS005,Phương pháp luận sáng tạo KH-CN,Scientific methodology and innovation,ĐC,2,0,KHOA_PĐTĐH,closed,
SS006,Pháp luật đại cương,Introduction to law,ĐC,2,0,KHOA_P.ĐTĐH,open,
SS007,Triết học Mác – Lênin,Philosophy Marx - Lenin,ĐC,3,0,KHOA_PĐTĐH,open,
SS008,Kinh tế chính trị Mác – Lênin,Political economics of Marxism and Leninism,ĐC,2,0,KHOA_PĐTĐH,open,
SS009,Chủ nghĩa xã hội khoa học,Scientific socialism,ĐC,2,0,KHOA_PĐTĐH,open,
SS010,Lịch sử Đảng Cộng sản Việt Nam,History of Vietnamese communist party,ĐC,2,0,KHOA_PĐTĐH,open,
SSKL1,Kỹ năng mềm,Soft skills,ĐC,2,0,KHOA_P.ĐTĐH,closed,
STA01,Xác suất thống kê,Statistics,ĐC,3,0,KHOA_BMAV,closed,
STAT11,Xác xuất thống kê,Statistics,ĐC,3,0,KHOA_HTTT,closed,
STAT3013,Phân tích thống kê,Intermediate Statistical Analysis,CS,3,0,KHOA_HTTT,open,
STAT4033,Thống kê,Statistics,ĐC,3,0,KHOA_HTTT,open,
THU086,Đào tạo năng lực thông tin,Information Literacy Training,CN,2,0,KHOA_PĐTĐH,open,
THU107,Truyền thông xã hội trong các tổ chức,Social Media in The Organization,CN,2,0,KHOA_PĐTĐH,open,
TLH025,Tâm lý học nhân cách,Psychology of Personality,CN,3,0,KHOA_PĐTĐH,open,
TOEIC 450,TOEIC 450,TOEIC 450,ĐC,0,0,KHOA_TTNN,open,
TOEIC450,TOEIC 450,TOEIC 450,ĐC,0,0,KHOA_TTNN,open,
VCPH1,Lịch sử Đảng CSVN,History of the Communist Party of Vietnam,ĐC,3,0,KHOA_P.ĐTĐH,closed,
VCPL1,Đường lối cách mạng của Đảng CSVN,Revolution Directions of Vietnam Communist Party,ĐC,3,0,KHOA_TTNN,closed,
WINP1,Lập trình trên Windows,Windows Programming,ĐC,3,1,KHOA_CNPM,closed,